round,group_id,sender,receiver,application-id,amount_send,asset_id_send,amount_received,asset_id_received
28626297,f5i+GZYg3btZCZUSmmrwVsuNaz9tSNTHPd6NA34urWA=,R3HZ3BIEFNRIK37LNOOCBCKOFBFJXSESOYO7DCDVUAQUNFD4STNWFOKJMU,2PIFZW53RHCSFSYMCFUBW4XOCXOMB7XOYQSQ6KGT3KVGJTL4HM6COZRNMM,1002541853,72339917,0,13199999,31566704
28626313,TVzN4udsYZe+dpjwJ8iaR1tRI+nHm5uuSu+x4UGrbvk=,MFWQQXHLZEMRGNKODAURK7GAYQLBSBOZA2FQMT2IYFSM24Y5YQO3T5K2EE,2PIFZW53RHCSFSYMCFUBW4XOCXOMB7XOYQSQ6KGT3KVGJTL4HM6COZRNMM,1002541853,700000000,0,127715411,31566704
28626314,zPI3h3b5BMh3QlACgamXw3qMYiOjWPIvzV0+1ilHt30=,YEEEJXQAMTRZGZPAJ7KOPPT33SLQZSWJPQGP7RX7DAXRFAN56HWDKE22VY,2PIFZW53RHCSFSYMCFUBW4XOCXOMB7XOYQSQ6KGT3KVGJTL4HM6COZRNMM,1002541853,49101900,0,8957655,31566704
28626340,BjoNku87UX2C/nM0bpgDk7cnBXEwPbTHquh9m89rgus=,Q7L3G2PJF76XQ44SIJM366VMZZWPQ6563TQHU3B4YF53QITCC3U4I4JZGQ,2PIFZW53RHCSFSYMCFUBW4XOCXOMB7XOYQSQ6KGT3KVGJTL4HM6COZRNMM,1002541853,500000000,0,91207391,31566704
28626353,YKHXv1IwTPhSmxUvK7Pe/0YwjX2T66Zkop5lq58Spaw=,AACCDJTFPQR5UQJZ337NFR56CC44T776EWBGVJG5NY2QFTQWBWTALTEN4A,NGIHJMECRSFHIEQDHBVTLR54K7DOZWM5M6UM3A5CIOYSP6H3QTGSHHGJCQ,605929989,7755815,0,1415078,31566704
28626353,pgJvrI/6SQ/YtJ8OgQJbVlSyYfM2MtfGYHszSHKiDyo=,J4BJWP67LHXT7LQTWZYWJGNSB25VZMO6SFZPKBSY7HJUCXJIFVE2PEOTVA,MUGDC5IFPGEJQLZWYTDTBKPZMWQS6ALNJ7RKQT5CYASSGMKBE6VETMEDK4,661744776,4828985,0,3220,386192725
28626365,13YFzBfdf31FHe+4IWKTLLHSgTpk6aIus3LwRSPSfyg=,J4BJWP67LHXT7LQTWZYWJGNSB25VZMO6SFZPKBSY7HJUCXJIFVE2PEOTVA,L747MOJV43QCLY4HSWVPL2A5SW62IBLA5XPTI5R4HO32WVAWOO5OBCEP3A,620995314,1278377,0,233243,31566704
28626379,/ej2JFXQZzx/gNRsxOyZ4N1DjYPTTqNeFkmN+khuc3g=,EVESCVBC6VDIJAZM3HMUGYVQLKWHH4YJBMDV5EF65RMS67TFS5URZQ5YNY,L747MOJV43QCLY4HSWVPL2A5SW62IBLA5XPTI5R4HO32WVAWOO5OBCEP3A,620995314,1249578,0,227987,31566704
28626463,Z4phPSV8rJY08XJ6LJi2KOnyJiUaOYSOF6AIpO7k11s=,KBMI42F7XM6BB5ONLWGERKIG6CDRWQNACVME5HS5ZGDHOVP5GP5KZZAABI,2PIFZW53RHCSFSYMCFUBW4XOCXOMB7XOYQSQ6KGT3KVGJTL4HM6COZRNMM,1002541853,10000000,31566704,54495515,0
28626464,bwTJWOnSYo3f3kRAeqKu0UOR8d462JEmIP7TbV0yLao=,AACCDJTFPQR5UQJZ337NFR56CC44T776EWBGVJG5NY2QFTQWBWTALTEN4A,JWOUUZ7YJJ42EHPRGW2NG64LZNUHNMWK7D5TE36GF6P6P2FXHGPZ42V2AE,1073557308,1244455,0,227051,31566704
28626485,2S3bxE70o3L6bR5medsFnHRTN+O5XMBQm3EGTigBmfs=,4WUWLUWTXAX3MAUR6PDD22FGHG6ZOWATRU6SE2ECBSBLODEXH7WKS23BX4,2PIFZW53RHCSFSYMCFUBW4XOCXOMB7XOYQSQ6KGT3KVGJTL4HM6COZRNMM,1002541853,1485467,31566704,8095054,0
28626510,3x2xNU4css+uQZNWnfFJfKKVomTqhn0QKQop2df2OKc=,EVESCVBC6VDIJAZM3HMUGYVQLKWHH4YJBMDV5EF65RMS67TFS5URZQ5YNY,L747MOJV43QCLY4HSWVPL2A5SW62IBLA5XPTI5R4HO32WVAWOO5OBCEP3A,620995314,1661753,0,303157,31566704
28626510,VUmAoXTHl3ub6YCUhUFxioeGQw5wgDb3wMP+kIWX/1o=,J4BJWP67LHXT7LQTWZYWJGNSB25VZMO6SFZPKBSY7HJUCXJIFVE2PEOTVA,U3BVQAGBMBFISCPXRNGQLMUQSWQXOTPYPLR5F27ABGH6ERLACP5AJHLSAU,613209438,814179,0,81263021,27165954
28626512,SZKivM1LHlvLBRCe0sj8+tCK89vcVhrVQnDywRn+4e0=,AACCDJTFPQR5UQJZ337NFR56CC44T776EWBGVJG5NY2QFTQWBWTALTEN4A,AISD6FVE6UU2FSDUYPNYPDAPTWWNIZJ5ISXPSP2O6SNQD3XOYIYOGFW4QE,1076447842,714857,0,130450,31566704
28626525,m/CImdzFh4rb+ZS0qnAjb5t7jh9cJ3vMxCC9qntsOsI=,KBMI42F7XM6BB5ONLWGERKIG6CDRWQNACVME5HS5ZGDHOVP5GP5KZZAABI,2PIFZW53RHCSFSYMCFUBW4XOCXOMB7XOYQSQ6KGT3KVGJTL4HM6COZRNMM,1002541853,389600000,31566704,2122440247,0
28626617,rlPoFvZVazNM0w/CtlyB8s/I6F+3tNaeoZDO1OamHJY=,J4BJWP67LHXT7LQTWZYWJGNSB25VZMO6SFZPKBSY7HJUCXJIFVE2PEOTVA,2PIFZW53RHCSFSYMCFUBW4XOCXOMB7XOYQSQ6KGT3KVGJTL4HM6COZRNMM,1002541853,28416710,0,5186634,31566704
28626697,6vMVzv4Z2IzM05sa1s14EvPw/lMeUGCVscI+ujvO0Eo=,J4BJWP67LHXT7LQTWZYWJGNSB25VZMO6SFZPKBSY7HJUCXJIFVE2PEOTVA,GDYG6XTPH6TZWZELPO23LAZZFTFCOSFZI57VKY7KYZWESXIQUELIAZ4ENM,635846127,3808458,465865291,13911,386192725
28626746,lRVRnnZdsPWudTcNCemOON/jIoX4BZTk0hfMJzFDl54=,AACCDJTFPQR5UQJZ337NFR56CC44T776EWBGVJG5NY2QFTQWBWTALTEN4A,6NXX7RGJFLEI3HEQEZXDP73SMQKAPWS4N7CEQJ4IEVONUWYWJLT4NM5QQM,607660059,2349455,0,23743,386195940
28626751,dRihNB1xa4E/pUjZBtU8evbw1z4Hme46r8N7+anhSiQ=,W2IZ3EHDRW2IQNPC33CI2CXSLMFCFICVKQVWIYLJWXCTD765RW47ONNCEY,2PIFZW53RHCSFSYMCFUBW4XOCXOMB7XOYQSQ6KGT3KVGJTL4HM6COZRNMM,1002541853,354535903,31566704,695448,31566704
28626751,U5zqsvnXZUJfQh4PFfpLs3jERkqQcEtv5RYfc1wjXdU=,W2IZ3EHDRW2IQNPC33CI2CXSLMFCFICVKQVWIYLJWXCTD765RW47ONNCEY,2PIFZW53RHCSFSYMCFUBW4XOCXOMB7XOYQSQ6KGT3KVGJTL4HM6COZRNMM,1002541853,306318223,31566704,267854,31566704
28626751,UzJtswqNccFG8m96a137Y8hEG5N3SyDbC5+2ZOalgzw=,AACCDJTFPQR5UQJZ337NFR56CC44T776EWBGVJG5NY2QFTQWBWTALTEN4A,2PIFZW53RHCSFSYMCFUBW4XOCXOMB7XOYQSQ6KGT3KVGJTL4HM6COZRNMM,1002541853,48139563,0,8799444,31566704
28626751,aB+7WZgx6NQGv880F9RFJYehooAWWu+IWALaqTBEE00=,J4BJWP67LHXT7LQTWZYWJGNSB25VZMO6SFZPKBSY7HJUCXJIFVE2PEOTVA,2PIFZW53RHCSFSYMCFUBW4XOCXOMB7XOYQSQ6KGT3KVGJTL4HM6COZRNMM,1002541853,16050040,0,2933762,31566704
28626809,GHJFCTuEmfpy6JMvNXMO9xFpeCvqAuDWdDxLcSUQ1BI=,W2IZ3EHDRW2IQNPC33CI2CXSLMFCFICVKQVWIYLJWXCTD765RW47ONNCEY,SVZS7Q7QMVHZONDHZJHR4564VTMEX3OQ5DSYBWKR5FJFTPZLVG3EZIWC34,777628254,27711452,31566704,150902844,0
28626810,rgGaZb2ZLIKZpbyHbZKVdXE79KOI7t4G4blONU32xMM=,W2IZ3EHDRW2IQNPC33CI2CXSLMFCFICVKQVWIYLJWXCTD765RW47ONNCEY,L747MOJV43QCLY4HSWVPL2A5SW62IBLA5XPTI5R4HO32WVAWOO5OBCEP3A,620995314,46210882,31566704,251439962,0
28626811,FkIwjrDCfgdYIJhBC59GskcuRwEQ5PkorGpVJwflAHg=,W2IZ3EHDRW2IQNPC33CI2CXSLMFCFICVKQVWIYLJWXCTD765RW47ONNCEY,SVZS7Q7QMVHZONDHZJHR4564VTMEX3OQ5DSYBWKR5FJFTPZLVG3EZIWC34,777628254,45966250,31566704,249927167,0
28626812,jUcRrWeiDCSsuAm9xS74UpYMD5N3k35mhUA/TdtXn08=,W2IZ3EHDRW2IQNPC33CI2CXSLMFCFICVKQVWIYLJWXCTD765RW47ONNCEY,SVZS7Q7QMVHZONDHZJHR4564VTMEX3OQ5DSYBWKR5FJFTPZLVG3EZIWC34,777628254,27741606,31566704,150638288,0
28626812,zbP8gYhbikfyBEf0JeHIXomIZlAndv6QbITdjzg9c00=,AACCDJTFPQR5UQJZ337NFR56CC44T776EWBGVJG5NY2QFTQWBWTALTEN4A,SVZS7Q7QMVHZONDHZJHR4564VTMEX3OQ5DSYBWKR5FJFTPZLVG3EZIWC34,777628254,28890822,0,5291134,31566704
28626812,RKyh+P0UBoHtaTXvu+TaEvo/vdMIkCf1d6Dk9WJCU44=,W2IZ3EHDRW2IQNPC33CI2CXSLMFCFICVKQVWIYLJWXCTD765RW47ONNCEY,L747MOJV43QCLY4HSWVPL2A5SW62IBLA5XPTI5R4HO32WVAWOO5OBCEP3A,620995314,46236010,31566704,251415090,0
28626812,oYeEtohHp7rubK4tPHBJHwEU4oHTRA+dIpszRd6fsmc=,AACCDJTFPQR5UQJZ337NFR56CC44T776EWBGVJG5NY2QFTQWBWTALTEN4A,GDYG6XTPH6TZWZELPO23LAZZFTFCOSFZI57VKY7KYZWESXIQUELIAZ4ENM,635846127,4086554,465865291,14894,386192725
28626812,rURNHpo1OAc7qHW33lR//BBqtATsrK2yfCJE9WN82gk=,J4BJWP67LHXT7LQTWZYWJGNSB25VZMO6SFZPKBSY7HJUCXJIFVE2PEOTVA,SVZS7Q7QMVHZONDHZJHR4564VTMEX3OQ5DSYBWKR5FJFTPZLVG3EZIWC34,777628254,112635589,0,20617251,31566704
28626812,yqK5529SxKuDxeYZ8YPYnMZVo1fdmXNeFLbGBVUAWek=,W2IZ3EHDRW2IQNPC33CI2CXSLMFCFICVKQVWIYLJWXCTD765RW47ONNCEY,2PIFZW53RHCSFSYMCFUBW4XOCXOMB7XOYQSQ6KGT3KVGJTL4HM6COZRNMM,1002541853,200559718,31566704,347676,31566704
28626812,Uhe6KA1EFtyFcJYZ8zvK60g22C6MG2RC60762n384SY=,W2IZ3EHDRW2IQNPC33CI2CXSLMFCFICVKQVWIYLJWXCTD765RW47ONNCEY,2PIFZW53RHCSFSYMCFUBW4XOCXOMB7XOYQSQ6KGT3KVGJTL4HM6COZRNMM,1002541853,54015329,31566704,82322,31566704
28626812,A0ElTQy5sPx4ISc2Y4TW1YsyDWkYDRMIj9Pq3k0mCGU=,W2IZ3EHDRW2IQNPC33CI2CXSLMFCFICVKQVWIYLJWXCTD765RW47ONNCEY,2PIFZW53RHCSFSYMCFUBW4XOCXOMB7XOYQSQ6KGT3KVGJTL4HM6COZRNMM,1002541853,17712041,31566704,25948,31566704
28626812,xYXnVMSXpgXspWGnl/hxeAXWmlCYHkAR93BlrhaD0BY=,W2IZ3EHDRW2IQNPC33CI2CXSLMFCFICVKQVWIYLJWXCTD765RW47ONNCEY,2PIFZW53RHCSFSYMCFUBW4XOCXOMB7XOYQSQ6KGT3KVGJTL4HM6COZRNMM,1002541853,115828271,31566704,156980,31566704
28626812,nDdtfe/Ug5KYgINqZxIgA4d5aXtkuWBoeM0SkZJfuCQ=,W2IZ3EHDRW2IQNPC33CI2CXSLMFCFICVKQVWIYLJWXCTD765RW47ONNCEY,L747MOJV43QCLY4HSWVPL2A5SW62IBLA5XPTI5R4HO32WVAWOO5OBCEP3A,620995314,46261138,31566704,251390109,0
28626812,oxgyIZ44SAgR29V2oWq/N3Gp2NUvAojtH8a2wS59wDc=,W2IZ3EHDRW2IQNPC33CI2CXSLMFCFICVKQVWIYLJWXCTD765RW47ONNCEY,2PIFZW53RHCSFSYMCFUBW4XOCXOMB7XOYQSQ6KGT3KVGJTL4HM6COZRNMM,1002541853,81952634,31566704,97731,31566704
28626813,1ykEOS7C6sXPWz6KRYHj+OdcC2VW48omhzbO0Zp0wEY=,W2IZ3EHDRW2IQNPC33CI2CXSLMFCFICVKQVWIYLJWXCTD765RW47ONNCEY,2PIFZW53RHCSFSYMCFUBW4XOCXOMB7XOYQSQ6KGT3KVGJTL4HM6COZRNMM,1002541853,134522029,31566704,136464,31566704
28626813,Z10rX7VIzCAj9KoPODo1LOgFsYxg6kxc23S2QfbBggY=,W2IZ3EHDRW2IQNPC33CI2CXSLMFCFICVKQVWIYLJWXCTD765RW47ONNCEY,2PIFZW53RHCSFSYMCFUBW4XOCXOMB7XOYQSQ6KGT3KVGJTL4HM6COZRNMM,1002541853,134522029,31566704,106671,31566704
28626813,xHdZzdsdJYJ4sk317+2HZHXrZs6FUPS10ERVBD1o/rg=,W2IZ3EHDRW2IQNPC33CI2CXSLMFCFICVKQVWIYLJWXCTD765RW47ONNCEY,SVZS7Q7QMVHZONDHZJHR4564VTMEX3OQ5DSYBWKR5FJFTPZLVG3EZIWC34,777628254,27771760,31566704,150790958,0
28626813,1HAbLUXujRS/yaFuMCcN2KASN1/fgS1VT2UEISURjiE=,W2IZ3EHDRW2IQNPC33CI2CXSLMFCFICVKQVWIYLJWXCTD765RW47ONNCEY,2PIFZW53RHCSFSYMCFUBW4XOCXOMB7XOYQSQ6KGT3KVGJTL4HM6COZRNMM,1002541853,259781344,31566704,262671,31566704
28626813,gMtvu+is+ogUB7vpPWc42v1mZwzZhBq3n8itWe1xClA=,J4BJWP67LHXT7LQTWZYWJGNSB25VZMO6SFZPKBSY7HJUCXJIFVE2PEOTVA,2PIFZW53RHCSFSYMCFUBW4XOCXOMB7XOYQSQ6KGT3KVGJTL4HM6COZRNMM,1002541853,26713154,0,4892688,31566704
28626814,dWZDyzbgm2azaPBm0NtPuki63LU3am1S7I048elqlmk=,J4BJWP67LHXT7LQTWZYWJGNSB25VZMO6SFZPKBSY7HJUCXJIFVE2PEOTVA,2PIFZW53RHCSFSYMCFUBW4XOCXOMB7XOYQSQ6KGT3KVGJTL4HM6COZRNMM,1002541853,54541308,0,9989474,31566704
28626820,iynepjpL8f3Yaz9qnt/b33yoBICninQwyIYRPNVRVXc=,W2IZ3EHDRW2IQNPC33CI2CXSLMFCFICVKQVWIYLJWXCTD765RW47ONNCEY,L747MOJV43QCLY4HSWVPL2A5SW62IBLA5XPTI5R4HO32WVAWOO5OBCEP3A,620995314,46311395,31566704,251400754,0
28626820,qSrGiL3BJiWZrG+IRu/k0dK8myhWWG7H2oqGoXwmZ2s=,W2IZ3EHDRW2IQNPC33CI2CXSLMFCFICVKQVWIYLJWXCTD765RW47ONNCEY,2PIFZW53RHCSFSYMCFUBW4XOCXOMB7XOYQSQ6KGT3KVGJTL4HM6COZRNMM,1002541853,57905507,31566704,107582,31566704
28626823,rjWIDcG0UjDXF5bnzmGBfy9UmF95VKmJmyLVXB+WBoQ=,W2IZ3EHDRW2IQNPC33CI2CXSLMFCFICVKQVWIYLJWXCTD765RW47ONNCEY,L747MOJV43QCLY4HSWVPL2A5SW62IBLA5XPTI5R4HO32WVAWOO5OBCEP3A,620995314,46361652,31566704,251411024,0
28626823,SLeBQThwtj7sPaGluAHmm1a7kMJngmhXKSYMiqoEXPA=,W2IZ3EHDRW2IQNPC33CI2CXSLMFCFICVKQVWIYLJWXCTD765RW47ONNCEY,SVZS7Q7QMVHZONDHZJHR4564VTMEX3OQ5DSYBWKR5FJFTPZLVG3EZIWC34,777628254,27816991,31566704,150862652,0
28626823,MQ0Cvc/6B48Wij+OfMyMigf3faOI0YBpcyjxBX1h8YY=,J4BJWP67LHXT7LQTWZYWJGNSB25VZMO6SFZPKBSY7HJUCXJIFVE2PEOTVA,SVZS7Q7QMVHZONDHZJHR4564VTMEX3OQ5DSYBWKR5FJFTPZLVG3EZIWC34,777628254,30906646,0,5667220,31566704
28626823,ZThwCDC62lnGd/rpUBHTCYX0gVHEGuJ1UfctXHjwRKE=,W2IZ3EHDRW2IQNPC33CI2CXSLMFCFICVKQVWIYLJWXCTD765RW47ONNCEY,2PIFZW53RHCSFSYMCFUBW4XOCXOMB7XOYQSQ6KGT3KVGJTL4HM6COZRNMM,1002541853,601950910,31566704,877557,31566704
28626823,goViD0q7+qUdN87U7EW49nwuJorYJ9MMQtHl/Br1zbI=,J4BJWP67LHXT7LQTWZYWJGNSB25VZMO6SFZPKBSY7HJUCXJIFVE2PEOTVA,2PIFZW53RHCSFSYMCFUBW4XOCXOMB7XOYQSQ6KGT3KVGJTL4HM6COZRNMM,1002541853,6913570,0,1268110,31566704
28626823,MFwNgX7lTNN940+/fBZDz8yQPoUd2YSNFtWr2x46RF0=,AACCDJTFPQR5UQJZ337NFR56CC44T776EWBGVJG5NY2QFTQWBWTALTEN4A,2PIFZW53RHCSFSYMCFUBW4XOCXOMB7XOYQSQ6KGT3KVGJTL4HM6COZRNMM,1002541853,39550038,0,7254352,31566704
28626823,s1b0Fz0kgchBa8BhFR3/ortvyhpZO1TvqjjMOqAxzdA=,J4BJWP67LHXT7LQTWZYWJGNSB25VZMO6SFZPKBSY7HJUCXJIFVE2PEOTVA,L3PR2CN5Z4ZV4JYZLUTXU6VXTDTWHGQ2F3QP4ILUVT57SIJNZRDHEYEE6M,1087572681,7143840,793124631,4622,386192725
28626825,1BJMP7T0sgaqbZgMsOaVyUTq86uVY4iyv5b206OVJY4=,AACCDJTFPQR5UQJZ337NFR56CC44T776EWBGVJG5NY2QFTQWBWTALTEN4A,2PIFZW53RHCSFSYMCFUBW4XOCXOMB7XOYQSQ6KGT3KVGJTL4HM6COZRNMM,1002541853,74554530,0,13674714,31566704
28626825,FmBxgePpnlolrg3SpN5Z6NHQbM7H7b674Gq6x9pdDSI=,W2IZ3EHDRW2IQNPC33CI2CXSLMFCFICVKQVWIYLJWXCTD765RW47ONNCEY,L747MOJV43QCLY4HSWVPL2A5SW62IBLA5XPTI5R4HO32WVAWOO5OBCEP3A,620995314,46386780,31566704,251385456,0
28626825,vFqmy0DCPc6NsaMjuHPOgvkPKtywJ7p+1BaniSaoStw=,AACCDJTFPQR5UQJZ337NFR56CC44T776EWBGVJG5NY2QFTQWBWTALTEN4A,GDYG6XTPH6TZWZELPO23LAZZFTFCOSFZI57VKY7KYZWESXIQUELIAZ4ENM,635846127,4338613,465865291,15775,386192725
28626825,xsbtafCsydXraH81V0ZtRriqZWmR7xEv5akQ6I01i40=,W2IZ3EHDRW2IQNPC33CI2CXSLMFCFICVKQVWIYLJWXCTD765RW47ONNCEY,2PIFZW53RHCSFSYMCFUBW4XOCXOMB7XOYQSQ6KGT3KVGJTL4HM6COZRNMM,1002541853,55924568,31566704,84060,31566704
28626835,uhWJhTg7Ca6z8HdzS4CaD7fuoP/wm6asHPPQli4JHvw=,J4BJWP67LHXT7LQTWZYWJGNSB25VZMO6SFZPKBSY7HJUCXJIFVE2PEOTVA,2PIFZW53RHCSFSYMCFUBW4XOCXOMB7XOYQSQ6KGT3KVGJTL4HM6COZRNMM,1002541853,5307013,0,973872,31566704
28626835,dAX5A3Itfwcc8vLZjEbKCbL/AIMNUW4pq0nT3ee5c5E=,AACCDJTFPQR5UQJZ337NFR56CC44T776EWBGVJG5NY2QFTQWBWTALTEN4A,L747MOJV43QCLY4HSWVPL2A5SW62IBLA5XPTI5R4HO32WVAWOO5OBCEP3A,620995314,2078077,0,381410,31566704
28626835,f4FlBB3335gVYrJLY4SMBEsj76x6aaSuCrdCGf8QXOE=,W2IZ3EHDRW2IQNPC33CI2CXSLMFCFICVKQVWIYLJWXCTD765RW47ONNCEY,2PIFZW53RHCSFSYMCFUBW4XOCXOMB7XOYQSQ6KGT3KVGJTL4HM6COZRNMM,1002541853,173166238,31566704,252776,31566704
28626836,/Jd5Q0W+xoKbX1NkW6i6/qlUpSoJpzBNMhHKVUjHcbo=,W2IZ3EHDRW2IQNPC33CI2CXSLMFCFICVKQVWIYLJWXCTD765RW47ONNCEY,SVZS7Q7QMVHZONDHZJHR4564VTMEX3OQ5DSYBWKR5FJFTPZLVG3EZIWC34,777628254,27847145,31566704,150887688,0
28626837,Xp+XcxT+6oCaIk3nZk1b76fxMam4CtSPPsJ+LcExe/Y=,AACCDJTFPQR5UQJZ337NFR56CC44T776EWBGVJG5NY2QFTQWBWTALTEN4A,2PIFZW53RHCSFSYMCFUBW4XOCXOMB7XOYQSQ6KGT3KVGJTL4HM6COZRNMM,1002541853,2585093,0,474667,31566704
28626843,cKF8tbZ9+6y2Zqev+VXTU8aVBgvyHnwPlONrGNk8BcY=,W2IZ3EHDRW2IQNPC33CI2CXSLMFCFICVKQVWIYLJWXCTD765RW47ONNCEY,L747MOJV43QCLY4HSWVPL2A5SW62IBLA5XPTI5R4HO32WVAWOO5OBCEP3A,620995314,17344734,31566704,93886131,0
28626843,6HmIoSck3sbM7RF4DSQYvOzKrlnAg7ksYZJfuJZM8Q0=,AACCDJTFPQR5UQJZ337NFR56CC44T776EWBGVJG5NY2QFTQWBWTALTEN4A,L747MOJV43QCLY4HSWVPL2A5SW62IBLA5XPTI5R4HO32WVAWOO5OBCEP3A,620995314,14191670,0,2606358,31566704
28626843,VtM0i04otBDKxEIPUzF3k93Oyy9doTfAIMjp3wU4XnA=,W2IZ3EHDRW2IQNPC33CI2CXSLMFCFICVKQVWIYLJWXCTD765RW47ONNCEY,UXCJORFWJBXMK46HDXRKRIA5546AWFIW4KSQ6TLCUGIK2M5RQWGS2TMDUQ,777639704,18474081,312769,100301781,0
28626843,owAqdEqsRtoafXGN2I37dZ031h/EMtbatWC3nO8ZKXE=,W2IZ3EHDRW2IQNPC33CI2CXSLMFCFICVKQVWIYLJWXCTD765RW47ONNCEY,L747MOJV43QCLY4HSWVPL2A5SW62IBLA5XPTI5R4HO32WVAWOO5OBCEP3A,620995314,29092302,31566704,157430094,0
28626844,rRWJqp3eyIG7hDMuzEMwW+062UQ+qBsZsVfAwS+fcKQ=,W2IZ3EHDRW2IQNPC33CI2CXSLMFCFICVKQVWIYLJWXCTD765RW47ONNCEY,2PIFZW53RHCSFSYMCFUBW4XOCXOMB7XOYQSQ6KGT3KVGJTL4HM6COZRNMM,1002541853,271003688,31566704,503493,31566704
28626846,9QPf9frFZhLHKkRT+rHmLgbzTo78YGyoHglJH4Z4ch4=,W2IZ3EHDRW2IQNPC33CI2CXSLMFCFICVKQVWIYLJWXCTD765RW47ONNCEY,2PIFZW53RHCSFSYMCFUBW4XOCXOMB7XOYQSQ6KGT3KVGJTL4HM6COZRNMM,1002541853,387903428,31566704,720464,31566704
28626846,oAV47A+03I8I0FWmCJGInKOKvz6DXudCatQSVlN9Tuc=,J4BJWP67LHXT7LQTWZYWJGNSB25VZMO6SFZPKBSY7HJUCXJIFVE2PEOTVA,2PIFZW53RHCSFSYMCFUBW4XOCXOMB7XOYQSQ6KGT3KVGJTL4HM6COZRNMM,1002541853,5576301,0,1025013,31566704
28626846,fBKvy1K8zl3dsiyHp7Wi2S5C9dT+cjaDScsIYtddnUs=,AACCDJTFPQR5UQJZ337NFR56CC44T776EWBGVJG5NY2QFTQWBWTALTEN4A,2PIFZW53RHCSFSYMCFUBW4XOCXOMB7XOYQSQ6KGT3KVGJTL4HM6COZRNMM,1002541853,22484840,0,4133056,31566704
28626848,rB/j4S1eWRR13NL2Lq2skkhaBJfXNX0rdc9aQv9LN1I=,J4BJWP67LHXT7LQTWZYWJGNSB25VZMO6SFZPKBSY7HJUCXJIFVE2PEOTVA,2PIFZW53RHCSFSYMCFUBW4XOCXOMB7XOYQSQ6KGT3KVGJTL4HM6COZRNMM,1002541853,11933449,0,2193538,31566704
28626850,qEK49lDXzfyd+Y5L92uL9VngZyOxfaGnpndQZkIwpXc=,TZ3U7KHVHWPM34BJKIWKSSBRNS3LDJGSLHY2DIZVP7EJV5OKOJ5ZJW76FA,2PIFZW53RHCSFSYMCFUBW4XOCXOMB7XOYQSQ6KGT3KVGJTL4HM6COZRNMM,1002541853,8822956,0,1621780,31566704
28626852,pLTQ9vJ+aZEBpyWbWdeDKxJF93FbRihTU5FqqCpd6pM=,J4BJWP67LHXT7LQTWZYWJGNSB25VZMO6SFZPKBSY7HJUCXJIFVE2PEOTVA,BKUYL5KGDTLRMMSX25BJHL4F6VXFCDSTMB3HTXWHYG2HC2T2YXZIK4U2SA,607663981,1459565,0,971,386192725
28626884,ZVO1IfN0q3jjY1zNQa/npd1kWVxir2+KB6c+CkoDj/c=,W2IZ3EHDRW2IQNPC33CI2CXSLMFCFICVKQVWIYLJWXCTD765RW47ONNCEY,SVZS7Q7QMVHZONDHZJHR4564VTMEX3OQ5DSYBWKR5FJFTPZLVG3EZIWC34,777628254,27877299,31566704,150876920,0
28626884,ouQZ+Fh6XpFWIjvr53bly/GusGpCIu3ZnQIxaKbjJaI=,J4BJWP67LHXT7LQTWZYWJGNSB25VZMO6SFZPKBSY7HJUCXJIFVE2PEOTVA,2PIFZW53RHCSFSYMCFUBW4XOCXOMB7XOYQSQ6KGT3KVGJTL4HM6COZRNMM,1002541853,60462404,0,11113702,31566704
28626890,I6h6Q8pgyiUchljXqGgoFRemCVLk6f7kcVH1XvdJW/I=,W2IZ3EHDRW2IQNPC33CI2CXSLMFCFICVKQVWIYLJWXCTD765RW47ONNCEY,L747MOJV43QCLY4HSWVPL2A5SW62IBLA5XPTI5R4HO32WVAWOO5OBCEP3A,620995314,46512421,31566704,251464693,0
28626890,u9OVYHJUjBXsaplFz81Dz4V8YmCAoVXE5/l6er9SA+g=,AACCDJTFPQR5UQJZ337NFR56CC44T776EWBGVJG5NY2QFTQWBWTALTEN4A,L747MOJV43QCLY4HSWVPL2A5SW62IBLA5XPTI5R4HO32WVAWOO5OBCEP3A,620995314,6423334,0,1181350,31566704
28626890,LAp1QFtdRO2t97Vl0FUr0xC6tUKEjli8QzQAJZxkwWQ=,W2IZ3EHDRW2IQNPC33CI2CXSLMFCFICVKQVWIYLJWXCTD765RW47ONNCEY,SVZS7Q7QMVHZONDHZJHR4564VTMEX3OQ5DSYBWKR5FJFTPZLVG3EZIWC34,777628254,27907452,31566704,150865883,0
28626890,R2oWp7yd7rNrOcGt+jLXN/SQRvMZx4ZQbnnNX4ecHp8=,J4BJWP67LHXT7LQTWZYWJGNSB25VZMO6SFZPKBSY7HJUCXJIFVE2PEOTVA,SVZS7Q7QMVHZONDHZJHR4564VTMEX3OQ5DSYBWKR5FJFTPZLVG3EZIWC34,777628254,10031076,0,1845446,31566704
28626890,6S0MTjGcOrbZsC08Bx1Q5zBTyDjqoB+hfAE6rhkf+nY=,W2IZ3EHDRW2IQNPC33CI2CXSLMFCFICVKQVWIYLJWXCTD765RW47ONNCEY,2PIFZW53RHCSFSYMCFUBW4XOCXOMB7XOYQSQ6KGT3KVGJTL4HM6COZRNMM,1002541853,279522179,31566704,526196,31566704
28626890,TtacEfaP/v/R8ZaYMP3/iKxFM1hOf07yqvlVzgqDZvI=,W2IZ3EHDRW2IQNPC33CI2CXSLMFCFICVKQVWIYLJWXCTD765RW47ONNCEY,2PIFZW53RHCSFSYMCFUBW4XOCXOMB7XOYQSQ6KGT3KVGJTL4HM6COZRNMM,1002541853,30044864,31566704,48926,31566704
28626890,HHn/J3A+6KX/Strth2L/NW7g4/a6Tq5t+eRtiXrzlio=,AACCDJTFPQR5UQJZ337NFR56CC44T776EWBGVJG5NY2QFTQWBWTALTEN4A,NGIHJMECRSFHIEQDHBVTLR54K7DOZWM5M6UM3A5CIOYSP6H3QTGSHHGJCQ,605929989,4374685,0,804634,31566704
28626890,Y3Cd8CuuF6Cs4HH6upRDauaqDXqwyYjp0aP3TSQFox8=,J4BJWP67LHXT7LQTWZYWJGNSB25VZMO6SFZPKBSY7HJUCXJIFVE2PEOTVA,L747MOJV43QCLY4HSWVPL2A5SW62IBLA5XPTI5R4HO32WVAWOO5OBCEP3A,620995314,4106332,0,755207,31566704
28626890,OaNgrKyVGJ2jVsIhq3vdIFyaqxvSAmHNWnS23djIEYg=,J4BJWP67LHXT7LQTWZYWJGNSB25VZMO6SFZPKBSY7HJUCXJIFVE2PEOTVA,2PIFZW53RHCSFSYMCFUBW4XOCXOMB7XOYQSQ6KGT3KVGJTL4HM6COZRNMM,1002541853,10017069,0,1842910,31566704
28626890,46zfBGTac/hH+kQNh6x12T9OmKVLtetHJ5cBuipVdWs=,AACCDJTFPQR5UQJZ337NFR56CC44T776EWBGVJG5NY2QFTQWBWTALTEN4A,2PIFZW53RHCSFSYMCFUBW4XOCXOMB7XOYQSQ6KGT3KVGJTL4HM6COZRNMM,1002541853,4211862,0,774884,31566704
28626890,c/Yea4o9x9jIEfgDoRsOAutqTZkP4M4gmEyscbwiGdc=,J4BJWP67LHXT7LQTWZYWJGNSB25VZMO6SFZPKBSY7HJUCXJIFVE2PEOTVA,2PIFZW53RHCSFSYMCFUBW4XOCXOMB7XOYQSQ6KGT3KVGJTL4HM6COZRNMM,1002541853,21011731,0,3865651,31566704
28626890,JniBhgbjPBfPmxJKl8hmuIzOQri3kFoqw6Ds9Xjopvo=,J4BJWP67LHXT7LQTWZYWJGNSB25VZMO6SFZPKBSY7HJUCXJIFVE2PEOTVA,2PIFZW53RHCSFSYMCFUBW4XOCXOMB7XOYQSQ6KGT3KVGJTL4HM6COZRNMM,1002541853,15285560,0,2813183,31566704
28626890,oKqDBtKvqVULYRfPXZGuv3FP1gUus6wYAGlhn52+lJM=,AACCDJTFPQR5UQJZ337NFR56CC44T776EWBGVJG5NY2QFTQWBWTALTEN4A,2PIFZW53RHCSFSYMCFUBW4XOCXOMB7XOYQSQ6KGT3KVGJTL4HM6COZRNMM,1002541853,13060488,0,2403666,31566704
28626890,3O4B+4zP8uxCWbDs6WjRn4mS1nk+cMSwdrN0lG1GVls=,AACCDJTFPQR5UQJZ337NFR56CC44T776EWBGVJG5NY2QFTQWBWTALTEN4A,2PIFZW53RHCSFSYMCFUBW4XOCXOMB7XOYQSQ6KGT3KVGJTL4HM6COZRNMM,1002541853,4597873,0,846195,31566704
28626890,0eXXvbm/S+SV9lin1BtmzBGXVkbMSBqzP5eFIMMH0HQ=,W2IZ3EHDRW2IQNPC33CI2CXSLMFCFICVKQVWIYLJWXCTD765RW47ONNCEY,L747MOJV43QCLY4HSWVPL2A5SW62IBLA5XPTI5R4HO32WVAWOO5OBCEP3A,620995314,46537549,31566704,251344499,0
28626890,tCzC7SGi6CTRTnxlYQ26iMCqvZBqOfH6tjvCqliqZ14=,AACCDJTFPQR5UQJZ337NFR56CC44T776EWBGVJG5NY2QFTQWBWTALTEN4A,L747MOJV43QCLY4HSWVPL2A5SW62IBLA5XPTI5R4HO32WVAWOO5OBCEP3A,620995314,14411277,0,2653130,31566704
28626890,reCDZtnW8zXkCbgQbbjM4JwSMypEHKOml49neZhxM8E=,AACCDJTFPQR5UQJZ337NFR56CC44T776EWBGVJG5NY2QFTQWBWTALTEN4A,L747MOJV43QCLY4HSWVPL2A5SW62IBLA5XPTI5R4HO32WVAWOO5OBCEP3A,620995314,2480680,0,456685,31566704
28626890,bdPjoqAmL7fnrpVBEcN3B4FRTlgiKLH56pOdgXHtZA0=,AACCDJTFPQR5UQJZ337NFR56CC44T776EWBGVJG5NY2QFTQWBWTALTEN4A,L747MOJV43QCLY4HSWVPL2A5SW62IBLA5XPTI5R4HO32WVAWOO5OBCEP3A,620995314,7561064,0,1391951,31566704
28626890,t8sthiHAVYX9V/4lnJ7uM+ybEoxCQBWKHHWMpN/AW6g=,J4BJWP67LHXT7LQTWZYWJGNSB25VZMO6SFZPKBSY7HJUCXJIFVE2PEOTVA,L747MOJV43QCLY4HSWVPL2A5SW62IBLA5XPTI5R4HO32WVAWOO5OBCEP3A,620995314,4529708,0,833881,31566704
28626890,yyI6PiUA24G3DwE/WH/tMxTr6GFxLYAnr5Kp56mGgAA=,AACCDJTFPQR5UQJZ337NFR56CC44T776EWBGVJG5NY2QFTQWBWTALTEN4A,4TK77XXJ73BIT6BY4FHJT5J5YCPBQPWXYWRTF6CJK7ETDUAL4HBBFZIOSM,624956175,2411305,465865291,842311346,470842789
28626890,BGe7v4m/MOp4jrqoGZYFHupZ8H7XOZmbe1Plojf50NA=,W2IZ3EHDRW2IQNPC33CI2CXSLMFCFICVKQVWIYLJWXCTD765RW47ONNCEY,2PIFZW53RHCSFSYMCFUBW4XOCXOMB7XOYQSQ6KGT3KVGJTL4HM6COZRNMM,1002541853,348974071,31566704,388840,31566704
28626890,J/pK4TBLeozsz57nEF78N52Er+ZTFeyzAlC0BpG+v4M=,AACCDJTFPQR5UQJZ337NFR56CC44T776EWBGVJG5NY2QFTQWBWTALTEN4A,2PIFZW53RHCSFSYMCFUBW4XOCXOMB7XOYQSQ6KGT3KVGJTL4HM6COZRNMM,1002541853,16530311,0,3043983,31566704
28626890,EbNWXKqdT4826qbhYoG3sM0kJFgnSp8D5NDDHYqQCSI=,AACCDJTFPQR5UQJZ337NFR56CC44T776EWBGVJG5NY2QFTQWBWTALTEN4A,2PIFZW53RHCSFSYMCFUBW4XOCXOMB7XOYQSQ6KGT3KVGJTL4HM6COZRNMM,1002541853,11698449,0,2154208,31566704
28626890,Uz0ojKjI85zzSr93rPXtG02P7mawj7mvdFe03t+qGK0=,J4BJWP67LHXT7LQTWZYWJGNSB25VZMO6SFZPKBSY7HJUCXJIFVE2PEOTVA,2PIFZW53RHCSFSYMCFUBW4XOCXOMB7XOYQSQ6KGT3KVGJTL4HM6COZRNMM,1002541853,15268986,0,2811692,31566704
28626890,6vecAe5VlES0Cpxh5xrUMChmOuGTm23MHdrk2ixmdLA=,J4BJWP67LHXT7LQTWZYWJGNSB25VZMO6SFZPKBSY7HJUCXJIFVE2PEOTVA,2PIFZW53RHCSFSYMCFUBW4XOCXOMB7XOYQSQ6KGT3KVGJTL4HM6COZRNMM,1002541853,12227895,0,2251684,31566704
28626890,ZjwFhxt7LuifhNPHKtVhYZPMSlUtTt6k6Lh/+dP86e4=,J4BJWP67LHXT7LQTWZYWJGNSB25VZMO6SFZPKBSY7HJUCXJIFVE2PEOTVA,2PIFZW53RHCSFSYMCFUBW4XOCXOMB7XOYQSQ6KGT3KVGJTL4HM6COZRNMM,1002541853,21639263,0,3984703,31566704
28626890,BtGXdxIHfaEGylzEt2r4Rw63EKAgiXjXzFaKKYQlqsA=,J4BJWP67LHXT7LQTWZYWJGNSB25VZMO6SFZPKBSY7HJUCXJIFVE2PEOTVA,L747MOJV43QCLY4HSWVPL2A5SW62IBLA5XPTI5R4HO32WVAWOO5OBCEP3A,620995314,14593592,0,2686495,31566704
28626892,/yVE94zRVfXi1jDBimmzT9Wt1JTRR6h7cDieUCSILmE=,J4BJWP67LHXT7LQTWZYWJGNSB25VZMO6SFZPKBSY7HJUCXJIFVE2PEOTVA,2PIFZW53RHCSFSYMCFUBW4XOCXOMB7XOYQSQ6KGT3KVGJTL4HM6COZRNMM,1002541853,1385285,0,255088,31566704
28626892,DJMay3R9kW9A0LmVXLyifud4L9zqj96lotHv99aH7gM=,AACCDJTFPQR5UQJZ337NFR56CC44T776EWBGVJG5NY2QFTQWBWTALTEN4A,2PIFZW53RHCSFSYMCFUBW4XOCXOMB7XOYQSQ6KGT3KVGJTL4HM6COZRNMM,1002541853,15459635,0,2846755,31566704
28626892,cpebpmdPIhLdvEFfw6/Ew7Pv++dbmkB5CG4m9YRzKPw=,J4BJWP67LHXT7LQTWZYWJGNSB25VZMO6SFZPKBSY7HJUCXJIFVE2PEOTVA,2PIFZW53RHCSFSYMCFUBW4XOCXOMB7XOYQSQ6KGT3KVGJTL4HM6COZRNMM,1002541853,12592269,0,2318745,31566704
28626893,phVthKAye1FzNgpE+vydkPUCQHOBYtNFFM3cgQfwX/A=,AACCDJTFPQR5UQJZ337NFR56CC44T776EWBGVJG5NY2QFTQWBWTALTEN4A,2PIFZW53RHCSFSYMCFUBW4XOCXOMB7XOYQSQ6KGT3KVGJTL4HM6COZRNMM,1002541853,54044085,0,9951598,31566704
28626893,MifU5IH3SX6kEqcJZ5ysShExJol9GuxX87a8o5eUnb0=,AACCDJTFPQR5UQJZ337NFR56CC44T776EWBGVJG5NY2QFTQWBWTALTEN4A,GDYG6XTPH6TZWZELPO23LAZZFTFCOSFZI57VKY7KYZWESXIQUELIAZ4ENM,635846127,4206659,465865291,15243,386192725
28626893,Qiy+zV1ZGJ4GJHJFSQpeEQLNRYW9HWrUmOZs7txFHeA=,JPK4CPSYZT7G2AEOANHTZBE6TF3EV65EQMPCCJR2ICKMIEMJZSEBZCD5U4,2PIFZW53RHCSFSYMCFUBW4XOCXOMB7XOYQSQ6KGT3KVGJTL4HM6COZRNMM,1002541853,410294952,0,75545785,31566704
28626899,+eWkQPO71lOTARqsobzWY4/rmARLjINYJBVIl/I4eGI=,J4BJWP67LHXT7LQTWZYWJGNSB25VZMO6SFZPKBSY7HJUCXJIFVE2PEOTVA,L747MOJV43QCLY4HSWVPL2A5SW62IBLA5XPTI5R4HO32WVAWOO5OBCEP3A,620995314,58817425,0,10830860,31566704
28626900,TwMoqSLqJWM3mNgKDH4OSP7mMXgZPBIBV3pOOapunuo=,W2IZ3EHDRW2IQNPC33CI2CXSLMFCFICVKQVWIYLJWXCTD765RW47ONNCEY,SVZS7Q7QMVHZONDHZJHR4564VTMEX3OQ5DSYBWKR5FJFTPZLVG3EZIWC34,777628254,27937606,31566704,150702593,0
28626900,Fsy07vIf5BWW/PNI3C2QUQigVTjA8lLL43+R6LTxfDo=,J4BJWP67LHXT7LQTWZYWJGNSB25VZMO6SFZPKBSY7HJUCXJIFVE2PEOTVA,SVZS7Q7QMVHZONDHZJHR4564VTMEX3OQ5DSYBWKR5FJFTPZLVG3EZIWC34,777628254,2148517,0,396058,31566704
28626900,0Nar7/4GXq+SIdSFuJzfbsG1g4TPl13GLCSpsZVwX1M=,AACCDJTFPQR5UQJZ337NFR56CC44T776EWBGVJG5NY2QFTQWBWTALTEN4A,SVZS7Q7QMVHZONDHZJHR4564VTMEX3OQ5DSYBWKR5FJFTPZLVG3EZIWC34,777628254,4698856,0,866165,31566704
28626900,o1qY8Kni5LdsHgRZAEBkEMcBQpjhFltekv1owezunKw=,HS2YUNZNWS4S6YJUEZTHYLBTVOZ6YBBPXMIEF3PQOCSH5DPMUD24O677BQ,HM7AQVSXLX4EHQH3QJZSJFG6EEYNV2EFJW6OPEEML6SVKEUOWQJFC6SGLQ,635853824,16887,386195940,307844,465865291
28626902,LmcJ4GRnvZYZju0pARMClTDzrDhWB4YdPqr6227qH2A=,J4BJWP67LHXT7LQTWZYWJGNSB25VZMO6SFZPKBSY7HJUCXJIFVE2PEOTVA,SVZS7Q7QMVHZONDHZJHR4564VTMEX3OQ5DSYBWKR5FJFTPZLVG3EZIWC34,777628254,5098801,0,939854,31566704
28626903,NbgHbKQnVC91m5PV/U4JWmB1UOW65cUoEFZTfM0R6Pk=,J4BJWP67LHXT7LQTWZYWJGNSB25VZMO6SFZPKBSY7HJUCXJIFVE2PEOTVA,EUJD5PK7ATZWXFCRT4VCYNLYHQGYZM45KJ6SX3XRZZ2QRVUYMFKLKNK4BE,763505831,1065098,0,137595,553615859
28626904,WMVKRwTfAc5MnFxbeuZNnMLk2RjhagyrlM/Pi79CFX4=,EVESCVBC6VDIJAZM3HMUGYVQLKWHH4YJBMDV5EF65RMS67TFS5URZQ5YNY,SVZS7Q7QMVHZONDHZJHR4564VTMEX3OQ5DSYBWKR5FJFTPZLVG3EZIWC34,777628254,2542156,0,468531,31566704
28626907,lVOeB9qfD1VFqnWNSHoZJYCFHr5DwYdscHAfrkhGEpQ=,AACCDJTFPQR5UQJZ337NFR56CC44T776EWBGVJG5NY2QFTQWBWTALTEN4A,U3BVQAGBMBFISCPXRNGQLMUQSWQXOTPYPLR5F27ABGH6ERLACP5AJHLSAU,613209438,806237,0,78789321,27165954
28626912,7MAjlv6KXt+ozttOc4ic2o3MJHOb9Ztt3Vv5irZycNI=,JCY67R4ZCERPBWEQ34OIKNZG3HJF3IYZSE7Y4ZY7Y2QYJ7DITMY7T2S674,2PIFZW53RHCSFSYMCFUBW4XOCXOMB7XOYQSQ6KGT3KVGJTL4HM6COZRNMM,1002541853,500000000,31566704,2698329986,0
28626912,Va8Mb6FHlQOBB1vB/IBuJ90kJbP4mK4lBVSl5/AjcTo=,J4BJWP67LHXT7LQTWZYWJGNSB25VZMO6SFZPKBSY7HJUCXJIFVE2PEOTVA,2PIFZW53RHCSFSYMCFUBW4XOCXOMB7XOYQSQ6KGT3KVGJTL4HM6COZRNMM,1002541853,6024784,0,1110158,31566704
28626916,A6g1QZb2bZxmTFEnl8fH6q7DB9Os+1u7iRE0MCKcEbg=,W2IZ3EHDRW2IQNPC33CI2CXSLMFCFICVKQVWIYLJWXCTD765RW47ONNCEY,L747MOJV43QCLY4HSWVPL2A5SW62IBLA5XPTI5R4HO32WVAWOO5OBCEP3A,620995314,46587806,31566704,251318244,0
28626922,oRCb6nETLsIMADFfyXRtBx0Zthp3KX3t3tN3ROogg+o=,AACCDJTFPQR5UQJZ337NFR56CC44T776EWBGVJG5NY2QFTQWBWTALTEN4A,2PIFZW53RHCSFSYMCFUBW4XOCXOMB7XOYQSQ6KGT3KVGJTL4HM6COZRNMM,1002541853,11774439,0,2170483,31566704
28626988,XuNE/YLIM+GBgNIbm5g9P5B4j9CpYD1K54vsqq881jo=,EVESCVBC6VDIJAZM3HMUGYVQLKWHH4YJBMDV5EF65RMS67TFS5URZQ5YNY,2PIFZW53RHCSFSYMCFUBW4XOCXOMB7XOYQSQ6KGT3KVGJTL4HM6COZRNMM,1002541853,874604,0,161223,31566704
28627043,oWo+iO3RFGXFUVLMOvZWf2SE8wOx0KSxBiUeZLt+t6k=,J4BJWP67LHXT7LQTWZYWJGNSB25VZMO6SFZPKBSY7HJUCXJIFVE2PEOTVA,2PIFZW53RHCSFSYMCFUBW4XOCXOMB7XOYQSQ6KGT3KVGJTL4HM6COZRNMM,1002541853,863653,0,159295,31566704
28627043,6UNt+qVAHk/XsUlNhA3My+uz28xuqqfoySbXqTq0+NU=,J4BJWP67LHXT7LQTWZYWJGNSB25VZMO6SFZPKBSY7HJUCXJIFVE2PEOTVA,2PIFZW53RHCSFSYMCFUBW4XOCXOMB7XOYQSQ6KGT3KVGJTL4HM6COZRNMM,1002541853,15675051,0,2891165,31566704
28627045,HsIa7tetSzGk+MCZxYCf8lI4LMDib3nIq3HyZJg6h7Q=,J4BJWP67LHXT7LQTWZYWJGNSB25VZMO6SFZPKBSY7HJUCXJIFVE2PEOTVA,UXCJORFWJBXMK46HDXRKRIA5546AWFIW4KSQ6TLCUGIK2M5RQWGS2TMDUQ,777639704,9015938,0,1662379,312769
28627047,9kcM3i6ZCRwRQk5N6CZwq0NNz6l8NmQ5hr+B3BOZp4o=,J4BJWP67LHXT7LQTWZYWJGNSB25VZMO6SFZPKBSY7HJUCXJIFVE2PEOTVA,PNJP3RHDSCSZ7KNQ6LG3G2PFR6KQM6V6DTTZHDD3ZQXMIAI47UPR4VYQD4,1075389128,10543297,0,87804880,452399768
28627047,PLhtTLymw80qg3wKWe2yH5IBB1uaEQ6EKjqf+RSvznU=,AACCDJTFPQR5UQJZ337NFR56CC44T776EWBGVJG5NY2QFTQWBWTALTEN4A,PNJP3RHDSCSZ7KNQ6LG3G2PFR6KQM6V6DTTZHDD3ZQXMIAI47UPR4VYQD4,1075389128,7555816,0,62916805,452399768
28627054,fRG0v3sEYESFzL2yeIbDNUxN+ZyrrjLGttpULE8RKj4=,2APUIETIJMYCCBWTKKUJAKV5KWX56D7JY72LZV6NZ5VTRJ54YTOKZAGA5Q,2PIFZW53RHCSFSYMCFUBW4XOCXOMB7XOYQSQ6KGT3KVGJTL4HM6COZRNMM,1002541853,271254075,0,50028937,31566704
28627075,s3FUn6UnL+mlM9AluR6WcxsDC7jEY7ET0PWH7lNy0xU=,EVESCVBC6VDIJAZM3HMUGYVQLKWHH4YJBMDV5EF65RMS67TFS5URZQ5YNY,2PIFZW53RHCSFSYMCFUBW4XOCXOMB7XOYQSQ6KGT3KVGJTL4HM6COZRNMM,1002541853,291711810,0,53797471,31566704
28627075,GJSJy+++kfevfVcnMU3HYtQlb4pqEP8CZefeONfLY/A=,AACCDJTFPQR5UQJZ337NFR56CC44T776EWBGVJG5NY2QFTQWBWTALTEN4A,UXCJORFWJBXMK46HDXRKRIA5546AWFIW4KSQ6TLCUGIK2M5RQWGS2TMDUQ,777639704,18158604,0,3345747,312769
28627088,hOc2vuBb9Xn87zEZDMknQKogw8PZvMGC7EYGBgf8qIQ=,J4BJWP67LHXT7LQTWZYWJGNSB25VZMO6SFZPKBSY7HJUCXJIFVE2PEOTVA,2PIFZW53RHCSFSYMCFUBW4XOCXOMB7XOYQSQ6KGT3KVGJTL4HM6COZRNMM,1002541853,3453673,0,637270,31566704
28627088,yONPzb3x+yRPGURp0wFOqD66wWpDyaAtp3MR0kD1Qbg=,AACCDJTFPQR5UQJZ337NFR56CC44T776EWBGVJG5NY2QFTQWBWTALTEN4A,2PIFZW53RHCSFSYMCFUBW4XOCXOMB7XOYQSQ6KGT3KVGJTL4HM6COZRNMM,1002541853,3078738,0,568086,31566704
28627090,ob7a1fonBma3ykUaRHRoqO4X0AhdTGJMiw7WFPKUwe4=,J4BJWP67LHXT7LQTWZYWJGNSB25VZMO6SFZPKBSY7HJUCXJIFVE2PEOTVA,4TK77XXJ73BIT6BY4FHJT5J5YCPBQPWXYWRTF6CJK7ETDUAL4HBBFZIOSM,624956175,3023882,465865291,1053295423,470842789
28627090,l9klOil4K52iSWt6VnrYyYHlF0+vFsyZrH9Ph+sF564=,J4BJWP67LHXT7LQTWZYWJGNSB25VZMO6SFZPKBSY7HJUCXJIFVE2PEOTVA,PNJP3RHDSCSZ7KNQ6LG3G2PFR6KQM6V6DTTZHDD3ZQXMIAI47UPR4VYQD4,1075389128,6132515,0,51083178,452399768
28627113,/4DLIrIsGv/AWL4nQq8T2rvSDRJ6VoM686YdVLUXOvs=,AACCDJTFPQR5UQJZ337NFR56CC44T776EWBGVJG5NY2QFTQWBWTALTEN4A,PNJP3RHDSCSZ7KNQ6LG3G2PFR6KQM6V6DTTZHDD3ZQXMIAI47UPR4VYQD4,1075389128,3151250,0,26249860,452399768
28627122,B1c5lef4Xb1sE6uMkdTegA4EfvbWNwwpotHC2a8ziDc=,J4BJWP67LHXT7LQTWZYWJGNSB25VZMO6SFZPKBSY7HJUCXJIFVE2PEOTVA,PNJP3RHDSCSZ7KNQ6LG3G2PFR6KQM6V6DTTZHDD3ZQXMIAI47UPR4VYQD4,1075389128,4806588,0,40044027,452399768
28627124,0juRUOAey6hQl256/Lu2CsxC7L2CSvPmowp3a6Nhufc=,HS2YUNZNWS4S6YJUEZTHYLBTVOZ6YBBPXMIEF3PQOCSH5DPMUD24O677BQ,PNJP3RHDSCSZ7KNQ6LG3G2PFR6KQM6V6DTTZHDD3ZQXMIAI47UPR4VYQD4,1075389128,8001337,0,66653524,452399768
28627143,C2yCjiHAQLXwjlz0j3A8e7MTpGPBHAe4+TMnaWj4yr8=,J4BJWP67LHXT7LQTWZYWJGNSB25VZMO6SFZPKBSY7HJUCXJIFVE2PEOTVA,2PIFZW53RHCSFSYMCFUBW4XOCXOMB7XOYQSQ6KGT3KVGJTL4HM6COZRNMM,1002541853,934312,0,172654,31566704
28627143,nyWcpQjDSR0D2GW9J0KVumWLgwodWBUvl2CMJtyBg2c=,W2IZ3EHDRW2IQNPC33CI2CXSLMFCFICVKQVWIYLJWXCTD765RW47ONNCEY,SVZS7Q7QMVHZONDHZJHR4564VTMEX3OQ5DSYBWKR5FJFTPZLVG3EZIWC34,777628254,27997914,31566704,150915097,0
28627145,kHw33UcndBUS+cSpzeOsQEh6SWCzLZCAbd3etu9ozrk=,AACCDJTFPQR5UQJZ337NFR56CC44T776EWBGVJG5NY2QFTQWBWTALTEN4A,CT43NEUBELAO54NN2TU6WZLVYGB7B47ZX3WYKWJ4FBEVPTE6AFA4SMNCFI,637801923,16858897,465865291,1034404735755,287867876
28627147,J21cuoav5fEupphho5+wHKlqy2bSVOIK+MIPw22/oX8=,AACCDJTFPQR5UQJZ337NFR56CC44T776EWBGVJG5NY2QFTQWBWTALTEN4A,PNJP3RHDSCSZ7KNQ6LG3G2PFR6KQM6V6DTTZHDD3ZQXMIAI47UPR4VYQD4,1075389128,2264535,0,18875614,452399768
28627168,PySYTDEy6W/oKfjDnAJ5t8NU5BmDWix8Q8nXumujrOs=,J4BJWP67LHXT7LQTWZYWJGNSB25VZMO6SFZPKBSY7HJUCXJIFVE2PEOTVA,2PIFZW53RHCSFSYMCFUBW4XOCXOMB7XOYQSQ6KGT3KVGJTL4HM6COZRNMM,1002541853,2987580,0,552506,31566704
28627172,GhoE+o6bHeynBxNT5nKyG7UHs8pBVsh4SuRn3NHFRFA=,AACCDJTFPQR5UQJZ337NFR56CC44T776EWBGVJG5NY2QFTQWBWTALTEN4A,PNJP3RHDSCSZ7KNQ6LG3G2PFR6KQM6V6DTTZHDD3ZQXMIAI47UPR4VYQD4,1075389128,7866580,0,65569826,452399768
28627172,ZzLYadzPbHCPmKcr9Uy+9L33HLH6VQfI4D96jj8Rs74=,J4BJWP67LHXT7LQTWZYWJGNSB25VZMO6SFZPKBSY7HJUCXJIFVE2PEOTVA,LUKPHRCKPCX4SC32ZI2BXH2OQ3HDCQGKFTFCZEVXOWICY4AG7AQ4S5NKEQ,607645439,1914408,0,353116,465865291
28627172,giLWqweCB2i+JyFKy1FTSCDRENV2Cffn2ayclbc3tqI=,J4BJWP67LHXT7LQTWZYWJGNSB25VZMO6SFZPKBSY7HJUCXJIFVE2PEOTVA,PNJP3RHDSCSZ7KNQ6LG3G2PFR6KQM6V6DTTZHDD3ZQXMIAI47UPR4VYQD4,1075389128,6563442,0,54702139,452399768
28627172,rNB3lbXRpaMixoozlY+nlgahBaXMAtNJD3j4uCxnPsE=,AACCDJTFPQR5UQJZ337NFR56CC44T776EWBGVJG5NY2QFTQWBWTALTEN4A,NGIHJMECRSFHIEQDHBVTLR54K7DOZWM5M6UM3A5CIOYSP6H3QTGSHHGJCQ,605929989,4064897,0,751880,31566704
28627174,8Wvfu8JVdijuFerLd9n7mTMrPepDPZBSWEmUXT6KLXU=,J4BJWP67LHXT7LQTWZYWJGNSB25VZMO6SFZPKBSY7HJUCXJIFVE2PEOTVA,PNJP3RHDSCSZ7KNQ6LG3G2PFR6KQM6V6DTTZHDD3ZQXMIAI47UPR4VYQD4,1075389128,10543297,0,87910758,452399768
28627174,sEZ2ZOcX2wMBHKyfazutghxoP90HSwneSuTLDxBwAEc=,AACCDJTFPQR5UQJZ337NFR56CC44T776EWBGVJG5NY2QFTQWBWTALTEN4A,4TK77XXJ73BIT6BY4FHJT5J5YCPBQPWXYWRTF6CJK7ETDUAL4HBBFZIOSM,624956175,2708072,465865291,940468065,470842789
28627198,EIR8K13d9HYmdRgVOyMvbLHVnW5yZOVAb5bS0f+ga3A=,2MAGGJFPH5KQKM24DQKXCVRB5VECBLLASDSGKTSUWO5RTKYBP63P7XYEVA,2PIFZW53RHCSFSYMCFUBW4XOCXOMB7XOYQSQ6KGT3KVGJTL4HM6COZRNMM,1002541853,5403239,0,999999,31566704
28627201,77/Q1ExWWNty2cpbnQk25QGR0YMssQD9Y3iCt0Y6oCk=,J4BJWP67LHXT7LQTWZYWJGNSB25VZMO6SFZPKBSY7HJUCXJIFVE2PEOTVA,EHBK6XCKAKKVMYDLE3TYTRGJU2VQMLC5VKFVUZ3PVO5MV46NLJ7YNEHGQU,1073573017,1967057,0,773,511028589
28627201,r8WB63RsmQ8X9w9BML/kOZymDO03K9b6vKJSUrL3WVg=,HS2YUNZNWS4S6YJUEZTHYLBTVOZ6YBBPXMIEF3PQOCSH5DPMUD24O677BQ,JWOUUZ7YJJ42EHPRGW2NG64LZNUHNMWK7D5TE36GF6P6P2FXHGPZ42V2AE,1073557308,16001337,0,2958916,31566704
28627228,IgSJNcoeBysSaW9YK2fB/nLEpjHtfppwP1YEr2evAXs=,J4BJWP67LHXT7LQTWZYWJGNSB25VZMO6SFZPKBSY7HJUCXJIFVE2PEOTVA,I4XRTDV2WRM24CWV6BPSFCCSRT624NBHOO7CMPZKCEN2XAV7I2I3TYRVZ4,607686682,2877842,0,1044703223,523683256
28627238,9tW77YrwDrDUSwzFbRmTRdZ2ELY1wAbCt0pyGMSTRmw=,AACCDJTFPQR5UQJZ337NFR56CC44T776EWBGVJG5NY2QFTQWBWTALTEN4A,CT43NEUBELAO54NN2TU6WZLVYGB7B47ZX3WYKWJ4FBEVPTE6AFA4SMNCFI,637801923,6565002,465865291,402555014548,287867876
28627239,LCcIyLr/IGu7TjZ+jqTL2E6x52qHEObzvyLKiPb2Bq4=,JPK4CPSYZT7G2AEOANHTZBE6TF3EV65EQMPCCJR2ICKMIEMJZSEBZCD5U4,2PIFZW53RHCSFSYMCFUBW4XOCXOMB7XOYQSQ6KGT3KVGJTL4HM6COZRNMM,1002541853,410294935,0,75994587,31566704
28627255,qp+f0bupXWhpWMTC95b65U1H+H9Pvy2zyC2FPPZT0J0=,J4BJWP67LHXT7LQTWZYWJGNSB25VZMO6SFZPKBSY7HJUCXJIFVE2PEOTVA,2PIFZW53RHCSFSYMCFUBW4XOCXOMB7XOYQSQ6KGT3KVGJTL4HM6COZRNMM,1002541853,49796973,0,9222719,31566704
28627257,lh6trntThldn04C8/cSC0COvdDD+XvgbIEfdUg/yKM0=,J4BJWP67LHXT7LQTWZYWJGNSB25VZMO6SFZPKBSY7HJUCXJIFVE2PEOTVA,CT43NEUBELAO54NN2TU6WZLVYGB7B47ZX3WYKWJ4FBEVPTE6AFA4SMNCFI,637801923,8367481,465865291,512876499070,287867876
28627258,uy16YsaNlJ4dUGUlj2Jy0cY5448BG0TSnAsqOlyDyKE=,J4BJWP67LHXT7LQTWZYWJGNSB25VZMO6SFZPKBSY7HJUCXJIFVE2PEOTVA,CT43NEUBELAO54NN2TU6WZLVYGB7B47ZX3WYKWJ4FBEVPTE6AFA4SMNCFI,637801923,9222719,465865291,565033348749,287867876
28627267,0S6MqobSbcCpRgwx9OOn5xryuF4Wwrc45uFqY8TZef4=,AACCDJTFPQR5UQJZ337NFR56CC44T776EWBGVJG5NY2QFTQWBWTALTEN4A,2PIFZW53RHCSFSYMCFUBW4XOCXOMB7XOYQSQ6KGT3KVGJTL4HM6COZRNMM,1002541853,5481517,0,1016066,31566704
28627267,Wgzhx7UqdNFqOmKJGRhVVkdSr6xlD21VK1jWm5tR8po=,AACCDJTFPQR5UQJZ337NFR56CC44T776EWBGVJG5NY2QFTQWBWTALTEN4A,ZZJNP4QMRQS5IWRIT57P6RQJ2EPK4LBDWNAUNF7EXOUNZU4BUTDXIDHI6I,613217007,2210100,0,408381,312769
28627267,+fu+qYycNFP9YZxXsea676qVwcHZJtVqz2zXgaHe26M=,J4BJWP67LHXT7LQTWZYWJGNSB25VZMO6SFZPKBSY7HJUCXJIFVE2PEOTVA,2PIFZW53RHCSFSYMCFUBW4XOCXOMB7XOYQSQ6KGT3KVGJTL4HM6COZRNMM,1002541853,1422595,0,263695,31566704
28627267,GutPp/A5shs/o7SHsd/3ZXZoVf90NLL7dAHf6tdU7Kw=,J4BJWP67LHXT7LQTWZYWJGNSB25VZMO6SFZPKBSY7HJUCXJIFVE2PEOTVA,GDYG6XTPH6TZWZELPO23LAZZFTFCOSFZI57VKY7KYZWESXIQUELIAZ4ENM,635846127,3335717,465865291,12029,386192725
28627267,rstN5MXaxEOzDB7a3+4URygeytl9+PtQXS9rtZUFG2E=,J4BJWP67LHXT7LQTWZYWJGNSB25VZMO6SFZPKBSY7HJUCXJIFVE2PEOTVA,V7PPP76SP3VFKKEPMK46XOOQ73CXVIQUXYNZZUQZ4TIYBZO7YGOEBFXNWM,647799801,1986753,465865291,713670000,444035862
28627297,X3OWNQu4DCCwPJMHM+J5VkEH56z1R+h3BAAj3I7XmGs=,AACCDJTFPQR5UQJZ337NFR56CC44T776EWBGVJG5NY2QFTQWBWTALTEN4A,2PIFZW53RHCSFSYMCFUBW4XOCXOMB7XOYQSQ6KGT3KVGJTL4HM6COZRNMM,1002541853,3041791,0,564311,31566704
28627299,OtKkknWh6Zr9Z6bnGJeSruy2ALWWvX6TGee5KjpSRVU=,J4BJWP67LHXT7LQTWZYWJGNSB25VZMO6SFZPKBSY7HJUCXJIFVE2PEOTVA,2PIFZW53RHCSFSYMCFUBW4XOCXOMB7XOYQSQ6KGT3KVGJTL4HM6COZRNMM,1002541853,6613164,0,1226868,31566704
28627299,3s5DfGDlFp5+UdBZRx1yddmoKlbRmlKQNDQhOdu2zeg=,J4BJWP67LHXT7LQTWZYWJGNSB25VZMO6SFZPKBSY7HJUCXJIFVE2PEOTVA,L3PR2CN5Z4ZV4JYZLUTXU6VXTDTWHGQ2F3QP4ILUVT57SIJNZRDHEYEE6M,1087572681,6845651,793124631,4428,386192725
28627332,Yvl/z6x+SJi0B3BKNS4m5oWTxxnhyk7kmmbrS8YDuvc=,AACCDJTFPQR5UQJZ337NFR56CC44T776EWBGVJG5NY2QFTQWBWTALTEN4A,GDYG6XTPH6TZWZELPO23LAZZFTFCOSFZI57VKY7KYZWESXIQUELIAZ4ENM,635846127,6124619,465865291,22028,386192725
28627332,ajw/oKJtI2Yc2ezhhXLjDoKssWc3y9+uAqDXXwICmEI=,AACCDJTFPQR5UQJZ337NFR56CC44T776EWBGVJG5NY2QFTQWBWTALTEN4A,CT43NEUBELAO54NN2TU6WZLVYGB7B47ZX3WYKWJ4FBEVPTE6AFA4SMNCFI,637801923,73010753,465865291,4463305991767,287867876
28627332,+jSREV1Og/eRBJG549nIY0J80lftAshqriW2wm3Usko=,AACCDJTFPQR5UQJZ337NFR56CC44T776EWBGVJG5NY2QFTQWBWTALTEN4A,4TK77XXJ73BIT6BY4FHJT5J5YCPBQPWXYWRTF6CJK7ETDUAL4HBBFZIOSM,624956175,3730709,465865291,1291269545,470842789
28627333,LFCH2fgFk3FdHW8/H8Vkesk9lMuv8bXfSM+7DJow08c=,J4BJWP67LHXT7LQTWZYWJGNSB25VZMO6SFZPKBSY7HJUCXJIFVE2PEOTVA,2PIFZW53RHCSFSYMCFUBW4XOCXOMB7XOYQSQ6KGT3KVGJTL4HM6COZRNMM,1002541853,1628579,0,302394,31566704
28627334,e5kZ1201mtgwAVWYneqCdyDSikAymsarawONgnTbGJo=,AACCDJTFPQR5UQJZ337NFR56CC44T776EWBGVJG5NY2QFTQWBWTALTEN4A,2PIFZW53RHCSFSYMCFUBW4XOCXOMB7XOYQSQ6KGT3KVGJTL4HM6COZRNMM,1002541853,3546760,0,658561,31566704
28627334,c1beiaAqBNr5maopN3QG/+9zmsYTvhjAfn9kUtGhgvM=,J4BJWP67LHXT7LQTWZYWJGNSB25VZMO6SFZPKBSY7HJUCXJIFVE2PEOTVA,2PIFZW53RHCSFSYMCFUBW4XOCXOMB7XOYQSQ6KGT3KVGJTL4HM6COZRNMM,1002541853,3704410,0,687833,31566704
28627334,YlLxgGej3hxC+UI8PObYrhFZeUayeED2U9rfkDy0vIM=,J4BJWP67LHXT7LQTWZYWJGNSB25VZMO6SFZPKBSY7HJUCXJIFVE2PEOTVA,PNJP3RHDSCSZ7KNQ6LG3G2PFR6KQM6V6DTTZHDD3ZQXMIAI47UPR4VYQD4,1075389128,4031749,0,33622383,452399768
28627335,gtH/nEVLhArYVoX2i2/Q9+hRkSgYin1S+lgbSqrZdnY=,AACCDJTFPQR5UQJZ337NFR56CC44T776EWBGVJG5NY2QFTQWBWTALTEN4A,2PIFZW53RHCSFSYMCFUBW4XOCXOMB7XOYQSQ6KGT3KVGJTL4HM6COZRNMM,1002541853,1283945,0,238402,31566704
28627337,pFGjWwY8tPXQ/1li6qqJBbLGyAtAnvgBDPKBUTm51zY=,J4BJWP67LHXT7LQTWZYWJGNSB25VZMO6SFZPKBSY7HJUCXJIFVE2PEOTVA,2PIFZW53RHCSFSYMCFUBW4XOCXOMB7XOYQSQ6KGT3KVGJTL4HM6COZRNMM,1002541853,1758070,0,326712,31566704
28627337,XtxC+14enPTPX8zf1sAZ4bf2vOGoQMVHtD9h++SGmf4=,J4BJWP67LHXT7LQTWZYWJGNSB25VZMO6SFZPKBSY7HJUCXJIFVE2PEOTVA,2PIFZW53RHCSFSYMCFUBW4XOCXOMB7XOYQSQ6KGT3KVGJTL4HM6COZRNMM,1002541853,4410122,0,819558,31566704
28627337,Rj/X1X7HbtndXtW3uGoCxwQCDDjCc8uz+6PkzuAxnkI=,AACCDJTFPQR5UQJZ337NFR56CC44T776EWBGVJG5NY2QFTQWBWTALTEN4A,PNJP3RHDSCSZ7KNQ6LG3G2PFR6KQM6V6DTTZHDD3ZQXMIAI47UPR4VYQD4,1075389128,27055241,0,225840720,452399768
28627337,O0tH0wgvsg0zLAZUCqvpYO9aekWjZpw2zi2fWVDK6zM=,AACCDJTFPQR5UQJZ337NFR56CC44T776EWBGVJG5NY2QFTQWBWTALTEN4A,2PIFZW53RHCSFSYMCFUBW4XOCXOMB7XOYQSQ6KGT3KVGJTL4HM6COZRNMM,1002541853,2662314,0,494752,31566704
28627337,MQWBbCgzoclLPMlonLF8luumU5etzRJWRJ1Ow1cnmgA=,J4BJWP67LHXT7LQTWZYWJGNSB25VZMO6SFZPKBSY7HJUCXJIFVE2PEOTVA,PNJP3RHDSCSZ7KNQ6LG3G2PFR6KQM6V6DTTZHDD3ZQXMIAI47UPR4VYQD4,1075389128,7472945,0,62362808,452399768
28627347,TCKfFrs1cgryXBvFuFK1jHeGWq1AgbHIpql7WlPUjqA=,AACCDJTFPQR5UQJZ337NFR56CC44T776EWBGVJG5NY2QFTQWBWTALTEN4A,2PIFZW53RHCSFSYMCFUBW4XOCXOMB7XOYQSQ6KGT3KVGJTL4HM6COZRNMM,1002541853,95720047,0,17857236,31566704
28627347,mGVZJkY8v1D+yiBA6F5ZZUs0zuE3WFnQnwY2aebLkz8=,J4BJWP67LHXT7LQTWZYWJGNSB25VZMO6SFZPKBSY7HJUCXJIFVE2PEOTVA,2PIFZW53RHCSFSYMCFUBW4XOCXOMB7XOYQSQ6KGT3KVGJTL4HM6COZRNMM,1002541853,96558715,0,18013166,31566704
28627347,KvckXaot4u69yF5eoVe31KOg4llCN8VG1WyMUVr9iq8=,AACCDJTFPQR5UQJZ337NFR56CC44T776EWBGVJG5NY2QFTQWBWTALTEN4A,L747MOJV43QCLY4HSWVPL2A5SW62IBLA5XPTI5R4HO32WVAWOO5OBCEP3A,620995314,13797232,0,2573819,31566704
28627347,7uHoR6DQsNveiWDw2pnzINXKO7gYoKewFB9TI02c8ho=,J4BJWP67LHXT7LQTWZYWJGNSB25VZMO6SFZPKBSY7HJUCXJIFVE2PEOTVA,UXCJORFWJBXMK46HDXRKRIA5546AWFIW4KSQ6TLCUGIK2M5RQWGS2TMDUQ,777639704,6732892,0,1255266,312769
28627347,qP5OfNBiNqXlfXVoCGWt766ZyTUcWR6khvM4b0IwM7c=,J4BJWP67LHXT7LQTWZYWJGNSB25VZMO6SFZPKBSY7HJUCXJIFVE2PEOTVA,2PIFZW53RHCSFSYMCFUBW4XOCXOMB7XOYQSQ6KGT3KVGJTL4HM6COZRNMM,1002541853,25497276,0,4756464,31566704
28627347,Is5QtPIJ5o/8CKVMQW7NynhzQDyfpFoG0CoQbSJZv8U=,J4BJWP67LHXT7LQTWZYWJGNSB25VZMO6SFZPKBSY7HJUCXJIFVE2PEOTVA,UXCJORFWJBXMK46HDXRKRIA5546AWFIW4KSQ6TLCUGIK2M5RQWGS2TMDUQ,777639704,4580745,0,853598,312769
28627349,8kKp6Y+L9X+jCfskEfBpYulRxCs1hqJuAqsYhG56r7c=,J4BJWP67LHXT7LQTWZYWJGNSB25VZMO6SFZPKBSY7HJUCXJIFVE2PEOTVA,2PIFZW53RHCSFSYMCFUBW4XOCXOMB7XOYQSQ6KGT3KVGJTL4HM6COZRNMM,1002541853,177946568,0,33194176,31566704
28627349,zqQvPbaKDDhzIL4bIDga8SktOEoW4hJVQer2272Q2+g=,W2IZ3EHDRW2IQNPC33CI2CXSLMFCFICVKQVWIYLJWXCTD765RW47ONNCEY,2PIFZW53RHCSFSYMCFUBW4XOCXOMB7XOYQSQ6KGT3KVGJTL4HM6COZRNMM,1002541853,5000000000,0,931963963,31566704
28627349,5OZ9tVKHhGI+W7I/YS6TFil4avj/sIsp8rq/V50em7M=,W2IZ3EHDRW2IQNPC33CI2CXSLMFCFICVKQVWIYLJWXCTD765RW47ONNCEY,L747MOJV43QCLY4HSWVPL2A5SW62IBLA5XPTI5R4HO32WVAWOO5OBCEP3A,620995314,500000000,0,93208179,31566704
28627349,wscVNitTL8LyQDm6mah47JOQUHEtQ7+cxyALk5jkfEA=,AACCDJTFPQR5UQJZ337NFR56CC44T776EWBGVJG5NY2QFTQWBWTALTEN4A,UXCJORFWJBXMK46HDXRKRIA5546AWFIW4KSQ6TLCUGIK2M5RQWGS2TMDUQ,777639704,12261880,0,2283440,312769
28627349,cc2OaSptEnPz62pFHbRFb2L6V5Z2T4luDKU84K9m4oo=,J4BJWP67LHXT7LQTWZYWJGNSB25VZMO6SFZPKBSY7HJUCXJIFVE2PEOTVA,JWOUUZ7YJJ42EHPRGW2NG64LZNUHNMWK7D5TE36GF6P6P2FXHGPZ42V2AE,1073557308,8717202,0,1625914,31566704
28627349,9fng/D1GHUq5V6c9f6ypjOgeZyJ6+3U7UzDDjV/h1Kc=,W2IZ3EHDRW2IQNPC33CI2CXSLMFCFICVKQVWIYLJWXCTD765RW47ONNCEY,2PIFZW53RHCSFSYMCFUBW4XOCXOMB7XOYQSQ6KGT3KVGJTL4HM6COZRNMM,1002541853,1137081900,0,211745103,31566704
28627351,Amf4ePTzOLsUBpg7h2ClhMFbEaLdCEXQnSS5P6r2xrs=,AACCDJTFPQR5UQJZ337NFR56CC44T776EWBGVJG5NY2QFTQWBWTALTEN4A,V7PPP76SP3VFKKEPMK46XOOQ73CXVIQUXYNZZUQZ4TIYBZO7YGOEBFXNWM,647799801,2208438,465865291,790138206,444035862
28627352,fugEdxaHRSAlcPSMqjBAox2NR3w0QMQCTkbTNBs96oU=,AACCDJTFPQR5UQJZ337NFR56CC44T776EWBGVJG5NY2QFTQWBWTALTEN4A,JWOUUZ7YJJ42EHPRGW2NG64LZNUHNMWK7D5TE36GF6P6P2FXHGPZ42V2AE,1073557308,5341209,0,996043,31566704
28627352,7hqVU53VjPnTewxj76eV3zp7tZa7QLJfMfYRIqD+OoQ=,W2IZ3EHDRW2IQNPC33CI2CXSLMFCFICVKQVWIYLJWXCTD765RW47ONNCEY,2PIFZW53RHCSFSYMCFUBW4XOCXOMB7XOYQSQ6KGT3KVGJTL4HM6COZRNMM,1002541853,640031000,0,119152935,31566704
28627353,5XQ2UD6sdE9Uiz9PxCSbrVrmLwZFoyqm20FOPiiQ7Yw=,AACCDJTFPQR5UQJZ337NFR56CC44T776EWBGVJG5NY2QFTQWBWTALTEN4A,JWOUUZ7YJJ42EHPRGW2NG64LZNUHNMWK7D5TE36GF6P6P2FXHGPZ42V2AE,1073557308,1527961,0,284900,31566704
28627353,JiHHVmKmzweBldkEF+9OtgRC8QI/kBTJ//ax1LWYfrA=,AACCDJTFPQR5UQJZ337NFR56CC44T776EWBGVJG5NY2QFTQWBWTALTEN4A,JWOUUZ7YJJ42EHPRGW2NG64LZNUHNMWK7D5TE36GF6P6P2FXHGPZ42V2AE,1073557308,1365642,0,254633,31566704
28627355,UV0wvve7dDrDXM2x2lqFKSCiF6m+aaOhXdL8m1kSBfc=,AACCDJTFPQR5UQJZ337NFR56CC44T776EWBGVJG5NY2QFTQWBWTALTEN4A,UXCJORFWJBXMK46HDXRKRIA5546AWFIW4KSQ6TLCUGIK2M5RQWGS2TMDUQ,777639704,2465496,0,458953,312769
28627355,gZVtty0amWzfFeEr/wMwl046WJeu3i1QDhulCLjcNdY=,J4BJWP67LHXT7LQTWZYWJGNSB25VZMO6SFZPKBSY7HJUCXJIFVE2PEOTVA,LTGRYWVYIHTMRBESAF6ZJA5JBXR5KPCC6S4T2GDPSEJ5ZHHPIDVDKUJSPE,662102761,847450,0,7077781,452399768
28627356,djA92cWx7g/AbznJ6KfZ23+CMdIre0HQpsO8LRlHEw4=,W2IZ3EHDRW2IQNPC33CI2CXSLMFCFICVKQVWIYLJWXCTD765RW47ONNCEY,L747MOJV43QCLY4HSWVPL2A5SW62IBLA5XPTI5R4HO32WVAWOO5OBCEP3A,620995314,250000000,0,46537522,31566704
28627356,lRln0GTDrRGgfUmb+84gnAeyDn8L+QzNTz7vgVxYj0w=,W2IZ3EHDRW2IQNPC33CI2CXSLMFCFICVKQVWIYLJWXCTD765RW47ONNCEY,SVZS7Q7QMVHZONDHZJHR4564VTMEX3OQ5DSYBWKR5FJFTPZLVG3EZIWC34,777628254,150000000,0,27925571,31566704
28627356,kM5eny/Us27BWx8bzJ/60/HetAyulkgKkBq/D8nce+E=,W2IZ3EHDRW2IQNPC33CI2CXSLMFCFICVKQVWIYLJWXCTD765RW47ONNCEY,2PIFZW53RHCSFSYMCFUBW4XOCXOMB7XOYQSQ6KGT3KVGJTL4HM6COZRNMM,1002541853,1798232800,0,334647887,31566704
28627363,un7OZ5QCuKGx+UTdG6FRERtD8B6oOMdkOGMT2Oo+Q+w=,MIH3IBXNLWUCZKEXOWDA4XIP2XNPVKOH7CBPMP42I4EHIFJFC2KJAILNQU,2PIFZW53RHCSFSYMCFUBW4XOCXOMB7XOYQSQ6KGT3KVGJTL4HM6COZRNMM,1002541853,408475399,1002590888,184940253,31566704
28627392,yoZl5ENpuy0mzVqEYLKZBN/CvaLC5VPuYNYW5LmbYVs=,LDPWECN7M47IIREKKHS3KT7XDJVI66KI5ZG77WKQHPNXUG4NXLFJTYTSXY,2PIFZW53RHCSFSYMCFUBW4XOCXOMB7XOYQSQ6KGT3KVGJTL4HM6COZRNMM,1002541853,1245534686,0,231684064,31566704
28627432,qvuDERjz3xKs/KBs5+eqBCg88zrejFKFkNBbLY5zq4s=,J4BJWP67LHXT7LQTWZYWJGNSB25VZMO6SFZPKBSY7HJUCXJIFVE2PEOTVA,2PIFZW53RHCSFSYMCFUBW4XOCXOMB7XOYQSQ6KGT3KVGJTL4HM6COZRNMM,1002541853,123006830,0,22875929,31566704
28627434,JQUaF9sUTl1RhxukQdGbdak3Yrhx9YG8iWM1RoR0ysY=,AACCDJTFPQR5UQJZ337NFR56CC44T776EWBGVJG5NY2QFTQWBWTALTEN4A,2PIFZW53RHCSFSYMCFUBW4XOCXOMB7XOYQSQ6KGT3KVGJTL4HM6COZRNMM,1002541853,110265493,0,20505656,31566704
28627461,mjLBkM9cUndnpSvGcsCWD4FZAGyWUD0Bu2usAWPm2fA=,AACCDJTFPQR5UQJZ337NFR56CC44T776EWBGVJG5NY2QFTQWBWTALTEN4A,2PIFZW53RHCSFSYMCFUBW4XOCXOMB7XOYQSQ6KGT3KVGJTL4HM6COZRNMM,1002541853,94362647,0,17547716,31566704
28627465,MPr/Ys/z0V8nF/+S32kTH79dO4OzCy6SlQESFVx3NRY=,AACCDJTFPQR5UQJZ337NFR56CC44T776EWBGVJG5NY2QFTQWBWTALTEN4A,4TK77XXJ73BIT6BY4FHJT5J5YCPBQPWXYWRTF6CJK7ETDUAL4HBBFZIOSM,624956175,3501441,465865291,1207357523,470842789
28627511,OIPHbRrWKdZZUbHMki6QrrAuiF2mT/Yy9zRtFmESGYk=,YPP6QYAVIWDORMZ5BLYQ25JKLO4QNUIBAWEJSRWOTFPFZ7RNUN7ZYETRJ4,2PIFZW53RHCSFSYMCFUBW4XOCXOMB7XOYQSQ6KGT3KVGJTL4HM6COZRNMM,1002541853,15737946,1002590888,7126742,31566704
28627513,NuqOlZ1ZZ/LVsuZm8xCfibSzoWlUMbpuzbBApNDXgWQ=,J4BJWP67LHXT7LQTWZYWJGNSB25VZMO6SFZPKBSY7HJUCXJIFVE2PEOTVA,PNJP3RHDSCSZ7KNQ6LG3G2PFR6KQM6V6DTTZHDD3ZQXMIAI47UPR4VYQD4,1075389128,23154113,0,193252195,452399768
28627540,hclvWfRwvslD4Sy2WiXKNCVdmE7xeZmugD0KPHqD5bI=,AACCDJTFPQR5UQJZ337NFR56CC44T776EWBGVJG5NY2QFTQWBWTALTEN4A,SVZS7Q7QMVHZONDHZJHR4564VTMEX3OQ5DSYBWKR5FJFTPZLVG3EZIWC34,777628254,5126202,0,954210,31566704
28627558,Yc/YLOdcMb5QcUHnTXxosqhKB3uZdfqdmlBdpsddre4=,RM6JFQIOOR5RIVP542FHRKJ7WUPVODCSAJNGBRAVX7PQRX4SJTTC5PR6LM,2PIFZW53RHCSFSYMCFUBW4XOCXOMB7XOYQSQ6KGT3KVGJTL4HM6COZRNMM,1002541853,180000000,0,33499448,31566704
28627624,rDyBxgBiZIfNR4uh/i2Zy8bfqzUdUO9PXSxeHIubjAU=,YYSQVPBMGEY7M2SOGOPB3LFH3D7HK5MFBZMVSHKCMCXTF37JUPA3NNOAMI,JWOUUZ7YJJ42EHPRGW2NG64LZNUHNMWK7D5TE36GF6P6P2FXHGPZ42V2AE,1073557308,27148781,31566704,145000005,0
28627657,NPpO+HCeaIOcXI5/2+OHLGHU4v+ALZLsW/XC2i8awv8=,AACCDJTFPQR5UQJZ337NFR56CC44T776EWBGVJG5NY2QFTQWBWTALTEN4A,PNJP3RHDSCSZ7KNQ6LG3G2PFR6KQM6V6DTTZHDD3ZQXMIAI47UPR4VYQD4,1075389128,2645740,0,22105912,452399768
28627657,A/y9CuwU6faKsb3UOn/LjRhU+VtQtDaX8Oc9EmSCLeI=,J4BJWP67LHXT7LQTWZYWJGNSB25VZMO6SFZPKBSY7HJUCXJIFVE2PEOTVA,PNJP3RHDSCSZ7KNQ6LG3G2PFR6KQM6V6DTTZHDD3ZQXMIAI47UPR4VYQD4,1075389128,27415727,0,229016285,452399768
28627657,9lHPnbsSRR5J6rO+pdmqM0Vj6IBRH2tJKgEJxCvdenw=,JPK4CPSYZT7G2AEOANHTZBE6TF3EV65EQMPCCJR2ICKMIEMJZSEBZCD5U4,2PIFZW53RHCSFSYMCFUBW4XOCXOMB7XOYQSQ6KGT3KVGJTL4HM6COZRNMM,1002541853,410294917,0,76431350,31566704
28627714,qelLO78mLBTE+WmP/JKUXiCqYM0KdQew5wzri4jNXNY=,AACCDJTFPQR5UQJZ337NFR56CC44T776EWBGVJG5NY2QFTQWBWTALTEN4A,2PIFZW53RHCSFSYMCFUBW4XOCXOMB7XOYQSQ6KGT3KVGJTL4HM6COZRNMM,1002541853,9203735,0,1714821,31566704
28627752,BKYwoMfEs5ClJyGKCGWrIucvUxaRHBSaV0WgkhqVj4M=,YYSQVPBMGEY7M2SOGOPB3LFH3D7HK5MFBZMVSHKCMCXTF37JUPA3NNOAMI,L747MOJV43QCLY4HSWVPL2A5SW62IBLA5XPTI5R4HO32WVAWOO5OBCEP3A,620995314,25731313,31566704,137340810,0
28627784,pIIvkeywnq1/PVHhWTAvObFMyX2If+HJ9YADS8GjPAQ=,J4BJWP67LHXT7LQTWZYWJGNSB25VZMO6SFZPKBSY7HJUCXJIFVE2PEOTVA,PNJP3RHDSCSZ7KNQ6LG3G2PFR6KQM6V6DTTZHDD3ZQXMIAI47UPR4VYQD4,1075389128,4657421,0,38900780,452399768
28627784,ygPdV1PeHY0mW1uwZoaiL5Yl6lYhvNAivSlcGojgliI=,AACCDJTFPQR5UQJZ337NFR56CC44T776EWBGVJG5NY2QFTQWBWTALTEN4A,PNJP3RHDSCSZ7KNQ6LG3G2PFR6KQM6V6DTTZHDD3ZQXMIAI47UPR4VYQD4,1075389128,1657509,0,13853291,452399768
28627784,pYG9q0wqzA6+aFsyhMZNx0xDTIkdV6NjRBMOxN01X8M=,J4BJWP67LHXT7LQTWZYWJGNSB25VZMO6SFZPKBSY7HJUCXJIFVE2PEOTVA,PNJP3RHDSCSZ7KNQ6LG3G2PFR6KQM6V6DTTZHDD3ZQXMIAI47UPR4VYQD4,1075389128,3749989,0,31332018,452399768
28627786,mXxJ40/BCXeIIdA5J5DD6WxUZNXtFdXFgzk6tx4Y3vw=,AACCDJTFPQR5UQJZ337NFR56CC44T776EWBGVJG5NY2QFTQWBWTALTEN4A,CT43NEUBELAO54NN2TU6WZLVYGB7B47ZX3WYKWJ4FBEVPTE6AFA4SMNCFI,637801923,6965068,465865291,424884059484,287867876
28627795,hUgAhvs+hZZo6bMaT94raj2TqEYaFIRI4DCyFTBVbvg=,W2IZ3EHDRW2IQNPC33CI2CXSLMFCFICVKQVWIYLJWXCTD765RW47ONNCEY,SVZS7Q7QMVHZONDHZJHR4564VTMEX3OQ5DSYBWKR5FJFTPZLVG3EZIWC34,777628254,28284376,31566704,150856728,0
28627796,JpxgvQALDUPEYSE+voEuNecjWLLenxBf7y3EKybG7v4=,W2IZ3EHDRW2IQNPC33CI2CXSLMFCFICVKQVWIYLJWXCTD765RW47ONNCEY,L747MOJV43QCLY4HSWVPL2A5SW62IBLA5XPTI5R4HO32WVAWOO5OBCEP3A,620995314,47165756,31566704,251419301,0
28627798,dbh2Z0tDDw4bEePgS1qR+J/pRqshJmugrzKoDeqFx18=,W2IZ3EHDRW2IQNPC33CI2CXSLMFCFICVKQVWIYLJWXCTD765RW47ONNCEY,2PIFZW53RHCSFSYMCFUBW4XOCXOMB7XOYQSQ6KGT3KVGJTL4HM6COZRNMM,1002541853,84547112,31566704,165615,31566704
28627798,4eOQUwtYidGiqADW6wBDQQKvEBh4Q0EuY0KTr8WbpNE=,W2IZ3EHDRW2IQNPC33CI2CXSLMFCFICVKQVWIYLJWXCTD765RW47ONNCEY,2PIFZW53RHCSFSYMCFUBW4XOCXOMB7XOYQSQ6KGT3KVGJTL4HM6COZRNMM,1002541853,89259695,31566704,162219,31566704
28627798,SXpGLzyPX8T3z7qkS3nxe9XfaeW9aAZz4wR7yk7eG/U=,W2IZ3EHDRW2IQNPC33CI2CXSLMFCFICVKQVWIYLJWXCTD765RW47ONNCEY,SVZS7Q7QMVHZONDHZJHR4564VTMEX3OQ5DSYBWKR5FJFTPZLVG3EZIWC34,777628254,28314530,31566704,150842102,0
28627798,ghKw7XZg8BBbMFUdhptyJOLDvkEaZvGRyCsb6tazbCU=,W2IZ3EHDRW2IQNPC33CI2CXSLMFCFICVKQVWIYLJWXCTD765RW47ONNCEY,2PIFZW53RHCSFSYMCFUBW4XOCXOMB7XOYQSQ6KGT3KVGJTL4HM6COZRNMM,1002541853,34940100,31566704,59964,31566704
28627799,+NXV3OHRYu+d5Ox2seBkPFNDdJZIa0pWTeOcdqucHhQ=,W2IZ3EHDRW2IQNPC33CI2CXSLMFCFICVKQVWIYLJWXCTD765RW47ONNCEY,L747MOJV43QCLY4HSWVPL2A5SW62IBLA5XPTI5R4HO32WVAWOO5OBCEP3A,620995314,47216013,31566704,251423138,0
28627799,KPlbl+kl8mfAwrnmgLLMmiEzskScLdZeLDfZ57A8hx8=,W2IZ3EHDRW2IQNPC33CI2CXSLMFCFICVKQVWIYLJWXCTD765RW47ONNCEY,2PIFZW53RHCSFSYMCFUBW4XOCXOMB7XOYQSQ6KGT3KVGJTL4HM6COZRNMM,1002541853,272230443,31566704,435031,31566704
28627799,QRziIkiyiBsBqW02HvxoQNXhQe7u0e/sA9L0jlOmf54=,AACCDJTFPQR5UQJZ337NFR56CC44T776EWBGVJG5NY2QFTQWBWTALTEN4A,L747MOJV43QCLY4HSWVPL2A5SW62IBLA5XPTI5R4HO32WVAWOO5OBCEP3A,620995314,2395056,0,447228,31566704
28627802,RCyljiiyHuqQERAmQ503J02u6Bl/Naw88fp0yTQGP54=,AACCDJTFPQR5UQJZ337NFR56CC44T776EWBGVJG5NY2QFTQWBWTALTEN4A,CT43NEUBELAO54NN2TU6WZLVYGB7B47ZX3WYKWJ4FBEVPTE6AFA4SMNCFI,637801923,6558137,465865291,399916969802,287867876
28627825,tDRNI8rwN7dUhgVyPn81Tqz3YO491z75BL3knu/EdzY=,IYDTIH4OAIUV4MOPSTQROELHY23WI4J3W3SKIBLVRLZJ43HNQFRDXNRHFY,MUGDC5IFPGEJQLZWYTDTBKPZMWQS6ALNJ7RKQT5CYASSGMKBE6VETMEDK4,661744776,21424,386192725,32019888,0
28627853,0LkXeY2L/jC7T6tlZ1gOKLylPvdbJ3a8J/iZqOm+IFY=,AACCDJTFPQR5UQJZ337NFR56CC44T776EWBGVJG5NY2QFTQWBWTALTEN4A,PNJP3RHDSCSZ7KNQ6LG3G2PFR6KQM6V6DTTZHDD3ZQXMIAI47UPR4VYQD4,1075389128,6397701,0,53454643,452399768
28627897,4/U1xmXr32hQrAPvvrcFy93hWd0JsTGOSqfnN89Tg7E=,AACCDJTFPQR5UQJZ337NFR56CC44T776EWBGVJG5NY2QFTQWBWTALTEN4A,6M6HSMAQO63V6RRBC3Q3OL2D52HOCEQ2US2QT3OPKDMCR5MHJRDWDTFCEE,1074083606,1421392,0,192684,756578163
28627904,vz8Pgi+xuL8rzuEuTQzXCAqd7N/ASrN+8u5FRuh4zZ0=,EVESCVBC6VDIJAZM3HMUGYVQLKWHH4YJBMDV5EF65RMS67TFS5URZQ5YNY,L747MOJV43QCLY4HSWVPL2A5SW62IBLA5XPTI5R4HO32WVAWOO5OBCEP3A,620995314,5377683,0,1004163,31566704
28628036,xmrxUDamdENi5NxSM3/6tF8HP0oIYo98Po6PTCZxaRU=,EVESCVBC6VDIJAZM3HMUGYVQLKWHH4YJBMDV5EF65RMS67TFS5URZQ5YNY,2PIFZW53RHCSFSYMCFUBW4XOCXOMB7XOYQSQ6KGT3KVGJTL4HM6COZRNMM,1002541853,22850720,0,4266855,31566704
28628036,hz5HmXXmonSp3oUQeWfXe9/kK9jz8qBPPiwlyCLhp6U=,AACCDJTFPQR5UQJZ337NFR56CC44T776EWBGVJG5NY2QFTQWBWTALTEN4A,2PIFZW53RHCSFSYMCFUBW4XOCXOMB7XOYQSQ6KGT3KVGJTL4HM6COZRNMM,1002541853,89709470,0,16750928,31566704
28628048,Rm4rUSemHU5beUsSfPM5oUhpQGJKvqA62bFjM8hZzaE=,W2IZ3EHDRW2IQNPC33CI2CXSLMFCFICVKQVWIYLJWXCTD765RW47ONNCEY,L747MOJV43QCLY4HSWVPL2A5SW62IBLA5XPTI5R4HO32WVAWOO5OBCEP3A,620995314,47241141,31566704,251398654,0
28628048,7dTF6u1bEw9ozCz1iX4oyKq7BntP0HJ3pfwLtF3/HTY=,AACCDJTFPQR5UQJZ337NFR56CC44T776EWBGVJG5NY2QFTQWBWTALTEN4A,L747MOJV43QCLY4HSWVPL2A5SW62IBLA5XPTI5R4HO32WVAWOO5OBCEP3A,620995314,1551774,0,289944,31566704
28628048,V6QjP4xekSoVZdpB+T6WE71bA9sQDdp0Y8pHvRyaYug=,W2IZ3EHDRW2IQNPC33CI2CXSLMFCFICVKQVWIYLJWXCTD765RW47ONNCEY,2PIFZW53RHCSFSYMCFUBW4XOCXOMB7XOYQSQ6KGT3KVGJTL4HM6COZRNMM,1002541853,60920498,31566704,115271,31566704
28628048,cT18G8kuyp+FyI6hmdH2TYc2TXtnmLcjfrYVNqKud0I=,W2IZ3EHDRW2IQNPC33CI2CXSLMFCFICVKQVWIYLJWXCTD765RW47ONNCEY,2PIFZW53RHCSFSYMCFUBW4XOCXOMB7XOYQSQ6KGT3KVGJTL4HM6COZRNMM,1002541853,42185584,31566704,76282,31566704
28628053,mbBvDh7iF7Z1UkBlwWNk37FpbV3yplX+qHZWM1uKoDg=,W2IZ3EHDRW2IQNPC33CI2CXSLMFCFICVKQVWIYLJWXCTD765RW47ONNCEY,2PIFZW53RHCSFSYMCFUBW4XOCXOMB7XOYQSQ6KGT3KVGJTL4HM6COZRNMM,1002541853,103106083,31566704,133028,31566704
28628058,sHqmvPuFDryabIS2gB+pIXxRf0P4dymYLdho+7kR7V8=,EVESCVBC6VDIJAZM3HMUGYVQLKWHH4YJBMDV5EF65RMS67TFS5URZQ5YNY,2PIFZW53RHCSFSYMCFUBW4XOCXOMB7XOYQSQ6KGT3KVGJTL4HM6COZRNMM,1002541853,2641951,0,493800,31566704
28628058,1Y6DtfMcHuF17fHFw6olNubXe1j2BtYA+a1C1OhPGuM=,AACCDJTFPQR5UQJZ337NFR56CC44T776EWBGVJG5NY2QFTQWBWTALTEN4A,L747MOJV43QCLY4HSWVPL2A5SW62IBLA5XPTI5R4HO32WVAWOO5OBCEP3A,620995314,1089144,0,203584,31566704
28628058,udHXspkpeLNO6xF1Ny+GPYJc/+maj56msamEV5YW3d4=,AACCDJTFPQR5UQJZ337NFR56CC44T776EWBGVJG5NY2QFTQWBWTALTEN4A,L747MOJV43QCLY4HSWVPL2A5SW62IBLA5XPTI5R4HO32WVAWOO5OBCEP3A,620995314,895634,0,167412,31566704
28628058,rPeGSHPdaenLBFFUrPK9xgsEEH29BStcUh6fiG7ngb8=,AACCDJTFPQR5UQJZ337NFR56CC44T776EWBGVJG5NY2QFTQWBWTALTEN4A,2PIFZW53RHCSFSYMCFUBW4XOCXOMB7XOYQSQ6KGT3KVGJTL4HM6COZRNMM,1002541853,2641958,0,493801,31566704
28628061,CTghbTNT5bvlroxY2Kjpi0kql86iVFL0B1jFBQl5KZ4=,J4BJWP67LHXT7LQTWZYWJGNSB25VZMO6SFZPKBSY7HJUCXJIFVE2PEOTVA,2VEJODTD227LZFS5LMYOFT2OSPB2QQHK2PJNXQDTBNQAQHMCS5WJAQDWGQ,628705194,2409232,0,146142283,444035862
28628063,m0+0J1rLnqpwcxjrhcAJXMga3Ofx5MZlJBcjztXNjV8=,AACCDJTFPQR5UQJZ337NFR56CC44T776EWBGVJG5NY2QFTQWBWTALTEN4A,CT43NEUBELAO54NN2TU6WZLVYGB7B47ZX3WYKWJ4FBEVPTE6AFA4SMNCFI,637801923,5163125,465865291,314750918154,287867876
28628088,ZH3eweRy+4N+NW6WW+SwI3CfCIXdflmmmGewW/qx8TA=,W2IZ3EHDRW2IQNPC33CI2CXSLMFCFICVKQVWIYLJWXCTD765RW47ONNCEY,SVZS7Q7QMVHZONDHZJHR4564VTMEX3OQ5DSYBWKR5FJFTPZLVG3EZIWC34,777628254,28359761,31566704,150907402,0
28628090,qyiR1hXh6bqKIdMXAx1KMnpv+ERvpQa2Tre1klg6ulk=,W2IZ3EHDRW2IQNPC33CI2CXSLMFCFICVKQVWIYLJWXCTD765RW47ONNCEY,L747MOJV43QCLY4HSWVPL2A5SW62IBLA5XPTI5R4HO32WVAWOO5OBCEP3A,620995314,31159034,31566704,165661923,0
28628090,NdgyWeoktHq/K1SmhxLVC0nPb0pdv8Oaazc16gfzkuU=,J4BJWP67LHXT7LQTWZYWJGNSB25VZMO6SFZPKBSY7HJUCXJIFVE2PEOTVA,L747MOJV43QCLY4HSWVPL2A5SW62IBLA5XPTI5R4HO32WVAWOO5OBCEP3A,620995314,1954654,0,365521,31566704
28628090,XKLy8fqokbMtja9HuBI9X9/MXTPoWRzyEiPxKt0iCUY=,J4BJWP67LHXT7LQTWZYWJGNSB25VZMO6SFZPKBSY7HJUCXJIFVE2PEOTVA,L747MOJV43QCLY4HSWVPL2A5SW62IBLA5XPTI5R4HO32WVAWOO5OBCEP3A,620995314,3331493,0,622987,31566704
28628093,twtfpiSB8JZ3UEeKcWuoNVTBu9cvcKa38lUk5HH7UWQ=,RM6JFQIOOR5RIVP542FHRKJ7WUPVODCSAJNGBRAVX7PQRX4SJTTC5PR6LM,2PIFZW53RHCSFSYMCFUBW4XOCXOMB7XOYQSQ6KGT3KVGJTL4HM6COZRNMM,1002541853,330000000,0,61676248,31566704
28628099,8KI82/YoPQqOqWP6PFBjd3MY+LWROljVzNDEB+q1dMQ=,W2IZ3EHDRW2IQNPC33CI2CXSLMFCFICVKQVWIYLJWXCTD765RW47ONNCEY,2PIFZW53RHCSFSYMCFUBW4XOCXOMB7XOYQSQ6KGT3KVGJTL4HM6COZRNMM,1002541853,189473570,31566704,371119,31566704
28628099,kfQSKJyblvT3fqY86oEo5ed9e/R8lwsmubby0iSPa/E=,W2IZ3EHDRW2IQNPC33CI2CXSLMFCFICVKQVWIYLJWXCTD765RW47ONNCEY,2PIFZW53RHCSFSYMCFUBW4XOCXOMB7XOYQSQ6KGT3KVGJTL4HM6COZRNMM,1002541853,124122080,31566704,211457,31566704
28628100,sp4jCIeqp3lot7Ts5biURQHDRfAxKtUQPd2plQKP9LI=,HS2YUNZNWS4S6YJUEZTHYLBTVOZ6YBBPXMIEF3PQOCSH5DPMUD24O677BQ,2PIFZW53RHCSFSYMCFUBW4XOCXOMB7XOYQSQ6KGT3KVGJTL4HM6COZRNMM,1002541853,3299792,0,617007,31566704
28628107,LAoz37VhXnFbIMTzMNCPShqiRfw5/CgOrI/Z62H79wQ=,AACCDJTFPQR5UQJZ337NFR56CC44T776EWBGVJG5NY2QFTQWBWTALTEN4A,QJISACYHODAQQCMDKNS7L43P3KF6YGS3PR7XKTH6FO3QMFRZRYOCDHTQKA,636072212,1543803,0,1480,408898501
28628110,5YrgAatU7dP8N1n86aBBTymOgXJ41AVfj9OHSHhoXaA=,AACCDJTFPQR5UQJZ337NFR56CC44T776EWBGVJG5NY2QFTQWBWTALTEN4A,CT43NEUBELAO54NN2TU6WZLVYGB7B47ZX3WYKWJ4FBEVPTE6AFA4SMNCFI,637801923,10370199,465865291,631921197926,287867876
28628154,+gF0sUlCauqlt7loHtBYaAjgoZ+xJbwEFB9/voN/Lgs=,CREAMR524IQIE2RAXBFQDLMFCW3FAUXEXDX3MWG4ZJSODVZVQVNWVC6KMA,Q6OK7T3DSKXGEKQ3P6AGHZU6WJBWNSQFRDSSHWTEJDLP4WJQPX4W4OVE24,1075354880,8300000,0,858463863,558978094
28628172,OpBwqapGLw/oToDHsH8NAR2Yzzq+chxraQvsPsVr/dI=,J4BJWP67LHXT7LQTWZYWJGNSB25VZMO6SFZPKBSY7HJUCXJIFVE2PEOTVA,L747MOJV43QCLY4HSWVPL2A5SW62IBLA5XPTI5R4HO32WVAWOO5OBCEP3A,620995314,9515703,0,1779401,31566704
28628181,6a7I7TU4FzU6zN4Mnq6RpbYTilvou4/kMQMnCEINUF8=,W2IZ3EHDRW2IQNPC33CI2CXSLMFCFICVKQVWIYLJWXCTD765RW47ONNCEY,L747MOJV43QCLY4HSWVPL2A5SW62IBLA5XPTI5R4HO32WVAWOO5OBCEP3A,620995314,47316526,31566704,251439735,0
28628181,wqzIp0UzcTB79UaE56GG0jtFoMaw2Ou0rrn8um2+rvU=,W2IZ3EHDRW2IQNPC33CI2CXSLMFCFICVKQVWIYLJWXCTD765RW47ONNCEY,SVZS7Q7QMVHZONDHZJHR4564VTMEX3OQ5DSYBWKR5FJFTPZLVG3EZIWC34,777628254,28389915,31566704,150892081,0
28628181,K1ZLhyrrTedCywoCjPd2rC6UDKqGnw+8tbUqa710KHY=,W2IZ3EHDRW2IQNPC33CI2CXSLMFCFICVKQVWIYLJWXCTD765RW47ONNCEY,2PIFZW53RHCSFSYMCFUBW4XOCXOMB7XOYQSQ6KGT3KVGJTL4HM6COZRNMM,1002541853,339867967,31566704,631435,31566704
28628182,EJWsM3THK0JrZEYfJPO4fAvwBmfCJQzM22SV16JaHd4=,ITDYBTEGOKYICCX46OX3SXZVUYX5PKMPQEIEVWKCDDC5SBRWNCNIOJ5ILU,2PIFZW53RHCSFSYMCFUBW4XOCXOMB7XOYQSQ6KGT3KVGJTL4HM6COZRNMM,1002541853,223778000,0,41864551,31566704
28628191,UurGh6DqaaIdZNgmPUirA/qYJnqSZaGFx7C1VDlnk8I=,J4BJWP67LHXT7LQTWZYWJGNSB25VZMO6SFZPKBSY7HJUCXJIFVE2PEOTVA,NGIHJMECRSFHIEQDHBVTLR54K7DOZWM5M6UM3A5CIOYSP6H3QTGSHHGJCQ,605929989,865866,0,162010,31566704
28628226,0IXj4NXdgbw0qf9YjVd3HBUXT3slbiQSQC6T8WZhG5w=,CRN66E76RPA2S5EPDQ5SP5FOB2H4BSABYSVDDG44W4VVKL4M7THYUUN7CY,2PIFZW53RHCSFSYMCFUBW4XOCXOMB7XOYQSQ6KGT3KVGJTL4HM6COZRNMM,1002541853,2136705704,31566704,11333587661,0
28628226,arl03xM9oDy4Tvp03K8qr5w3pJmnD2V/kLMIXNGouXQ=,EVESCVBC6VDIJAZM3HMUGYVQLKWHH4YJBMDV5EF65RMS67TFS5URZQ5YNY,2PIFZW53RHCSFSYMCFUBW4XOCXOMB7XOYQSQ6KGT3KVGJTL4HM6COZRNMM,1002541853,151765649,0,28489731,31566704
28628226,Hl3LKuIbOXpSap+IiaZ2kxBGhTvXwu5YGhKF1WnxN6A=,J4BJWP67LHXT7LQTWZYWJGNSB25VZMO6SFZPKBSY7HJUCXJIFVE2PEOTVA,2PIFZW53RHCSFSYMCFUBW4XOCXOMB7XOYQSQ6KGT3KVGJTL4HM6COZRNMM,1002541853,75083973,0,14094413,31566704
28628226,pTXlFEowNemL3yjEWgpAwzqJ7nszabStLWomK+F0EVM=,J4BJWP67LHXT7LQTWZYWJGNSB25VZMO6SFZPKBSY7HJUCXJIFVE2PEOTVA,2PIFZW53RHCSFSYMCFUBW4XOCXOMB7XOYQSQ6KGT3KVGJTL4HM6COZRNMM,1002541853,106059816,0,19908501,31566704
28628226,zF5InkPOs6UpsycIGepM6fhdghSjd+jPiLwMsosepBE=,AACCDJTFPQR5UQJZ337NFR56CC44T776EWBGVJG5NY2QFTQWBWTALTEN4A,2PIFZW53RHCSFSYMCFUBW4XOCXOMB7XOYQSQ6KGT3KVGJTL4HM6COZRNMM,1002541853,79124837,0,14852111,31566704
28628226,9DUR4XLC3kGDgC2dSBl2y1dT/pbYbcWa8HaDn9IG1cE=,AACCDJTFPQR5UQJZ337NFR56CC44T776EWBGVJG5NY2QFTQWBWTALTEN4A,2PIFZW53RHCSFSYMCFUBW4XOCXOMB7XOYQSQ6KGT3KVGJTL4HM6COZRNMM,1002541853,22487005,0,4220852,31566704
28628226,yKCQNGdKi1wz5P4AnxzeDvYnTVriXcqoI5bQK59JbQU=,AACCDJTFPQR5UQJZ337NFR56CC44T776EWBGVJG5NY2QFTQWBWTALTEN4A,2PIFZW53RHCSFSYMCFUBW4XOCXOMB7XOYQSQ6KGT3KVGJTL4HM6COZRNMM,1002541853,24935113,0,4680333,31566704
28628226,XTJ2Q4jKIIsPu/PHKRC+LNr5e4TZ7bsJFm62HfwBo6k=,J4BJWP67LHXT7LQTWZYWJGNSB25VZMO6SFZPKBSY7HJUCXJIFVE2PEOTVA,2PIFZW53RHCSFSYMCFUBW4XOCXOMB7XOYQSQ6KGT3KVGJTL4HM6COZRNMM,1002541853,24248003,0,4551313,31566704
28628226,hFKIXmWalXk6FtaxKA7LZyOTP7ePypjh6mYFZth9goo=,J4BJWP67LHXT7LQTWZYWJGNSB25VZMO6SFZPKBSY7HJUCXJIFVE2PEOTVA,2PIFZW53RHCSFSYMCFUBW4XOCXOMB7XOYQSQ6KGT3KVGJTL4HM6COZRNMM,1002541853,10495509,0,1969980,31566704
28628226,FWjawm3CV10+82TuAypD3jfVEjZcmD/aELmIL/xaf00=,J4BJWP67LHXT7LQTWZYWJGNSB25VZMO6SFZPKBSY7HJUCXJIFVE2PEOTVA,CT43NEUBELAO54NN2TU6WZLVYGB7B47ZX3WYKWJ4FBEVPTE6AFA4SMNCFI,637801923,19908501,465865291,1212178119432,287867876
28628227,GQ5y03ER9FODv+W/4UJwKIJWKhNUyQg+S7tcCagW950=,J4BJWP67LHXT7LQTWZYWJGNSB25VZMO6SFZPKBSY7HJUCXJIFVE2PEOTVA,2PIFZW53RHCSFSYMCFUBW4XOCXOMB7XOYQSQ6KGT3KVGJTL4HM6COZRNMM,1002541853,6311602,0,1184653,31566704
28628227,sBrd9GBYy0fUZfzh5SFReFBVBvcAZoci7JwtBV8xbxk=,AACCDJTFPQR5UQJZ337NFR56CC44T776EWBGVJG5NY2QFTQWBWTALTEN4A,2PIFZW53RHCSFSYMCFUBW4XOCXOMB7XOYQSQ6KGT3KVGJTL4HM6COZRNMM,1002541853,6311623,0,1184654,31566704
28628227,G4H4s8YSYgKWCKvJBP4zkMYPuUbtz5o7Y6qUtilQNIY=,HS2YUNZNWS4S6YJUEZTHYLBTVOZ6YBBPXMIEF3PQOCSH5DPMUD24O677BQ,2PIFZW53RHCSFSYMCFUBW4XOCXOMB7XOYQSQ6KGT3KVGJTL4HM6COZRNMM,1002541853,3080085,0,578113,31566704
28628227,vYSIV8RQb1Fq0/xjTyIFtFkNaAhzZWfRxuWsgXExXiM=,YPIDY3UWOLR65KOSG3JONBRHHWN76CG2XI2CGKPAUZUYJSZQX3IGDWQHDY,2PIFZW53RHCSFSYMCFUBW4XOCXOMB7XOYQSQ6KGT3KVGJTL4HM6COZRNMM,1002541853,1269370000,31566704,6715533190,0
28628227,agk6mROrrnrsQfG/S4lpAxVTQfWuztkiw6I8g0zuqGg=,J4BJWP67LHXT7LQTWZYWJGNSB25VZMO6SFZPKBSY7HJUCXJIFVE2PEOTVA,2PIFZW53RHCSFSYMCFUBW4XOCXOMB7XOYQSQ6KGT3KVGJTL4HM6COZRNMM,1002541853,137600322,0,25879606,31566704
28628227,DIsk3vhejvc/wMO1J0tU+5IS8X5tKxMcd9KGiaQE+M8=,J4BJWP67LHXT7LQTWZYWJGNSB25VZMO6SFZPKBSY7HJUCXJIFVE2PEOTVA,CT43NEUBELAO54NN2TU6WZLVYGB7B47ZX3WYKWJ4FBEVPTE6AFA4SMNCFI,637801923,25879416,465865291,1573823517068,287867876
28628228,6qTEaO6ZpwXzN/8uqZPbEJoAEbncM8N5d/UirvhLAg4=,AACCDJTFPQR5UQJZ337NFR56CC44T776EWBGVJG5NY2QFTQWBWTALTEN4A,2PIFZW53RHCSFSYMCFUBW4XOCXOMB7XOYQSQ6KGT3KVGJTL4HM6COZRNMM,1002541853,3049138,0,573461,31566704
28628228,eItAZQg8S1RFAO8QfuK2WyuwGdSSe+hqujzKJlkWGjo=,J4BJWP67LHXT7LQTWZYWJGNSB25VZMO6SFZPKBSY7HJUCXJIFVE2PEOTVA,2PIFZW53RHCSFSYMCFUBW4XOCXOMB7XOYQSQ6KGT3KVGJTL4HM6COZRNMM,1002541853,1582401,0,297607,31566704
28628228,CCbwzmxhJ4TjM4E8MoHij76JQYjjsFwkSxthRf9n55Y=,J4BJWP67LHXT7LQTWZYWJGNSB25VZMO6SFZPKBSY7HJUCXJIFVE2PEOTVA,2PIFZW53RHCSFSYMCFUBW4XOCXOMB7XOYQSQ6KGT3KVGJTL4HM6COZRNMM,1002541853,2113736,0,397536,31566704
28628228,2OfyiVinHunpbkB8qhOGq0IWStSQBC67mkusF++T4NQ=,EVESCVBC6VDIJAZM3HMUGYVQLKWHH4YJBMDV5EF65RMS67TFS5URZQ5YNY,2PIFZW53RHCSFSYMCFUBW4XOCXOMB7XOYQSQ6KGT3KVGJTL4HM6COZRNMM,1002541853,2988677,0,562088,31566704
28628228,Px2LABPlNxNRD7fHhwBJCNiZtddob8o8UjW0VdflNyg=,J4BJWP67LHXT7LQTWZYWJGNSB25VZMO6SFZPKBSY7HJUCXJIFVE2PEOTVA,2PIFZW53RHCSFSYMCFUBW4XOCXOMB7XOYQSQ6KGT3KVGJTL4HM6COZRNMM,1002541853,40942262,0,7700064,31566704
28628228,FuD3LB+okeNpVMtvHnZ1NMFLWM2zMOdcq5it+N0vyM4=,J4BJWP67LHXT7LQTWZYWJGNSB25VZMO6SFZPKBSY7HJUCXJIFVE2PEOTVA,2PIFZW53RHCSFSYMCFUBW4XOCXOMB7XOYQSQ6KGT3KVGJTL4HM6COZRNMM,1002541853,54242975,0,10201397,31566704
28628228,OsHNQ+321ZMWpZM9nA7pDtSfGs+MC2N1nEZ6qZMLXp8=,J4BJWP67LHXT7LQTWZYWJGNSB25VZMO6SFZPKBSY7HJUCXJIFVE2PEOTVA,2PIFZW53RHCSFSYMCFUBW4XOCXOMB7XOYQSQ6KGT3KVGJTL4HM6COZRNMM,1002541853,73419944,0,13807711,31566704
28628228,9kryxWd2YB3UzCtKkzqw3gXqt7uk0DmwtrDPvQUnG+E=,J4BJWP67LHXT7LQTWZYWJGNSB25VZMO6SFZPKBSY7HJUCXJIFVE2PEOTVA,2PIFZW53RHCSFSYMCFUBW4XOCXOMB7XOYQSQ6KGT3KVGJTL4HM6COZRNMM,1002541853,54044085,0,10163594,31566704
28628228,/5Es8foyK9ANOy1xncSw9EyEYpRs7ry+EUt4CJyCIl8=,J4BJWP67LHXT7LQTWZYWJGNSB25VZMO6SFZPKBSY7HJUCXJIFVE2PEOTVA,2PIFZW53RHCSFSYMCFUBW4XOCXOMB7XOYQSQ6KGT3KVGJTL4HM6COZRNMM,1002541853,17168792,0,3228748,31566704
28628228,SV3+N0+Epc2VPEETk7hYEXbEg+dro3dUYEovMgTTNMk=,J4BJWP67LHXT7LQTWZYWJGNSB25VZMO6SFZPKBSY7HJUCXJIFVE2PEOTVA,V7PPP76SP3VFKKEPMK46XOOQ73CXVIQUXYNZZUQZ4TIYBZO7YGOEBFXNWM,647799801,3228714,465865291,1013562218,444035862
28628228,NYoK4gl79zlikVrMCowCKoZxYh3VR5jo/0qdxl9v8V0=,AACCDJTFPQR5UQJZ337NFR56CC44T776EWBGVJG5NY2QFTQWBWTALTEN4A,2PIFZW53RHCSFSYMCFUBW4XOCXOMB7XOYQSQ6KGT3KVGJTL4HM6COZRNMM,1002541853,31482596,0,5920545,31566704
28628229,uGBRsQ7xQagN0bgmm3nsfcGIEONxYrGBJhA5OgsdP70=,J4BJWP67LHXT7LQTWZYWJGNSB25VZMO6SFZPKBSY7HJUCXJIFVE2PEOTVA,2PIFZW53RHCSFSYMCFUBW4XOCXOMB7XOYQSQ6KGT3KVGJTL4HM6COZRNMM,1002541853,2354129,0,442664,31566704
28628229,uKkYjBN9d+7nsIqDk/QFehBooPiRO70N4GQazt4sMrM=,JPK4CPSYZT7G2AEOANHTZBE6TF3EV65EQMPCCJR2ICKMIEMJZSEBZCD5U4,2PIFZW53RHCSFSYMCFUBW4XOCXOMB7XOYQSQ6KGT3KVGJTL4HM6COZRNMM,1002541853,410294917,0,77126499,31566704
28628230,or4/wPuv4HKOcfbwKEsOOxTXnsV+5sxTTm8XLjJ3/Ec=,AACCDJTFPQR5UQJZ337NFR56CC44T776EWBGVJG5NY2QFTQWBWTALTEN4A,2PIFZW53RHCSFSYMCFUBW4XOCXOMB7XOYQSQ6KGT3KVGJTL4HM6COZRNMM,1002541853,7155376,0,1344968,31566704
28628230,aG8HJVisFBU37lQC3Ss2ILZiXUdA0ltsf0/T2om4RN0=,AACCDJTFPQR5UQJZ337NFR56CC44T776EWBGVJG5NY2QFTQWBWTALTEN4A,2PIFZW53RHCSFSYMCFUBW4XOCXOMB7XOYQSQ6KGT3KVGJTL4HM6COZRNMM,1002541853,3395748,0,638284,31566704
28628230,XnzhPJ6mnv2k4MfVBbyG7Fr76dyElVavpjaLGhoonVE=,AACCDJTFPQR5UQJZ337NFR56CC44T776EWBGVJG5NY2QFTQWBWTALTEN4A,2PIFZW53RHCSFSYMCFUBW4XOCXOMB7XOYQSQ6KGT3KVGJTL4HM6COZRNMM,1002541853,5354780,0,1006514,31566704
28628231,RMKCbKnMl1fQE0Zx/Bli7tl2usKaN7uwzSzpO4UrZC8=,AACCDJTFPQR5UQJZ337NFR56CC44T776EWBGVJG5NY2QFTQWBWTALTEN4A,2PIFZW53RHCSFSYMCFUBW4XOCXOMB7XOYQSQ6KGT3KVGJTL4HM6COZRNMM,1002541853,74471660,0,13997938,31566704
28628231,5p9KY+W9QcPFTFri9VkTtZyyAg4BQAY0FJnc9nzx6Hw=,J4BJWP67LHXT7LQTWZYWJGNSB25VZMO6SFZPKBSY7HJUCXJIFVE2PEOTVA,2PIFZW53RHCSFSYMCFUBW4XOCXOMB7XOYQSQ6KGT3KVGJTL4HM6COZRNMM,1002541853,16862171,0,3169424,31566704
28628231,KH7dKsA7CSxdb/FswCGvSH5ED0a5vTVACfUnhqEugNM=,J4BJWP67LHXT7LQTWZYWJGNSB25VZMO6SFZPKBSY7HJUCXJIFVE2PEOTVA,2PIFZW53RHCSFSYMCFUBW4XOCXOMB7XOYQSQ6KGT3KVGJTL4HM6COZRNMM,1002541853,1683434,0,316418,31566704
28628231,R/ueLCJo0K1f3DyLzJu7bMZjJeCjKyJ/fcjfgH5APbA=,J4BJWP67LHXT7LQTWZYWJGNSB25VZMO6SFZPKBSY7HJUCXJIFVE2PEOTVA,2PIFZW53RHCSFSYMCFUBW4XOCXOMB7XOYQSQ6KGT3KVGJTL4HM6COZRNMM,1002541853,1851416,0,347992,31566704
28628231,AaamlPb/oBhD63e2msxDFXqri7gEkRRUOCEc/cqXmpc=,J4BJWP67LHXT7LQTWZYWJGNSB25VZMO6SFZPKBSY7HJUCXJIFVE2PEOTVA,2PIFZW53RHCSFSYMCFUBW4XOCXOMB7XOYQSQ6KGT3KVGJTL4HM6COZRNMM,1002541853,4332338,0,814298,31566704
28628232,95sTNdAIQdUFsKvt9cM22zGV7siMT3hIVRgLibU6n3w=,J4BJWP67LHXT7LQTWZYWJGNSB25VZMO6SFZPKBSY7HJUCXJIFVE2PEOTVA,2PIFZW53RHCSFSYMCFUBW4XOCXOMB7XOYQSQ6KGT3KVGJTL4HM6COZRNMM,1002541853,3032198,0,569925,31566704
28628232,fcZskTjEaT6orxwo2PBxNsWaU/RubTuIsaujodIsQPg=,J4BJWP67LHXT7LQTWZYWJGNSB25VZMO6SFZPKBSY7HJUCXJIFVE2PEOTVA,2PIFZW53RHCSFSYMCFUBW4XOCXOMB7XOYQSQ6KGT3KVGJTL4HM6COZRNMM,1002541853,45355115,0,8524793,31566704
28628233,XJKkv/Dfi0GcpbcW81GoCwsvPpjWbOKuPvPjIMc5bHk=,AACCDJTFPQR5UQJZ337NFR56CC44T776EWBGVJG5NY2QFTQWBWTALTEN4A,2PIFZW53RHCSFSYMCFUBW4XOCXOMB7XOYQSQ6KGT3KVGJTL4HM6COZRNMM,1002541853,7399965,0,1390861,31566704
28628238,T48OCWgCL6u9z8zDiWsBiRJkaNDrosRspSTXFFbIPYs=,HS2YUNZNWS4S6YJUEZTHYLBTVOZ6YBBPXMIEF3PQOCSH5DPMUD24O677BQ,2PIFZW53RHCSFSYMCFUBW4XOCXOMB7XOYQSQ6KGT3KVGJTL4HM6COZRNMM,1002541853,19001337,0,3571383,31566704
28628255,Lomd8Gl2ikuQzhGxPfTptCv9b7Ti4DL/JO6c2+Coi7w=,J4BJWP67LHXT7LQTWZYWJGNSB25VZMO6SFZPKBSY7HJUCXJIFVE2PEOTVA,2PIFZW53RHCSFSYMCFUBW4XOCXOMB7XOYQSQ6KGT3KVGJTL4HM6COZRNMM,1002541853,14324263,0,2692293,31566704
28628266,l+agFF8YNA4XEh31aAMOevhjZBQw4PcsFaHwJDGGRKs=,T3TZSU5FBOSZO4RUJKRSW2HJEAD7SFOZZFPOY6CVUSDCBC5DAW666CZNIE,2PIFZW53RHCSFSYMCFUBW4XOCXOMB7XOYQSQ6KGT3KVGJTL4HM6COZRNMM,1002541853,86932732,0,172736,0
28628270,jFNfZEycr0GPCQY3eOccIEaYvBCITcOWJnhG53eBGd0=,AACCDJTFPQR5UQJZ337NFR56CC44T776EWBGVJG5NY2QFTQWBWTALTEN4A,2PIFZW53RHCSFSYMCFUBW4XOCXOMB7XOYQSQ6KGT3KVGJTL4HM6COZRNMM,1002541853,14394702,0,2705448,31566704
28628293,r/H+cm6Dk+boYr0YIZSuRmszXvP3mU3XA1UQNMWwkhk=,T3TZSU5FBOSZO4RUJKRSW2HJEAD7SFOZZFPOY6CVUSDCBC5DAW666CZNIE,2PIFZW53RHCSFSYMCFUBW4XOCXOMB7XOYQSQ6KGT3KVGJTL4HM6COZRNMM,1002541853,68716537,0,136539,0
28628293,2hagnl6QBzKoYwrqnFqC44uTmwcc7AnCAqcaCH7vNFE=,W2IZ3EHDRW2IQNPC33CI2CXSLMFCFICVKQVWIYLJWXCTD765RW47ONNCEY,2PIFZW53RHCSFSYMCFUBW4XOCXOMB7XOYQSQ6KGT3KVGJTL4HM6COZRNMM,1002541853,2576628100,0,484068479,31566704
28628293,LMW7l61PwpGz9zRgiKl91iXOHx/RQGx0sCYiis/6dKc=,W2IZ3EHDRW2IQNPC33CI2CXSLMFCFICVKQVWIYLJWXCTD765RW47ONNCEY,2PIFZW53RHCSFSYMCFUBW4XOCXOMB7XOYQSQ6KGT3KVGJTL4HM6COZRNMM,1002541853,2579857500,0,484292022,31566704
28628293,Y/kWderaOB7mC2ZCZvVluyjGv1t1gjVV47BI/7sbQE0=,W2IZ3EHDRW2IQNPC33CI2CXSLMFCFICVKQVWIYLJWXCTD765RW47ONNCEY,2PIFZW53RHCSFSYMCFUBW4XOCXOMB7XOYQSQ6KGT3KVGJTL4HM6COZRNMM,1002541853,2589562900,0,485728815,31566704
28628341,bxfknTKCSGMhVvXg2KeBpvCACXo+ugWnXRcRs3RXkys=,J4BJWP67LHXT7LQTWZYWJGNSB25VZMO6SFZPKBSY7HJUCXJIFVE2PEOTVA,2PIFZW53RHCSFSYMCFUBW4XOCXOMB7XOYQSQ6KGT3KVGJTL4HM6COZRNMM,1002541853,392833603,0,73650775,31566704
28628341,ao02vas5hM5XSGbLQSXyg64fELivgx0d4vlPYCRtMzk=,J4BJWP67LHXT7LQTWZYWJGNSB25VZMO6SFZPKBSY7HJUCXJIFVE2PEOTVA,IWT4WOUKYQBCAO76UKWZ5E4CPIJVLBE5R3NX5QH3BXMTG34WU7ZCLJ4RVY,645869114,32559913,0,324548,386195940
28628346,mHbIDisCsR62nv4/GTxNDpejcfl0V89jMdFo0Wc0KVo=,AACCDJTFPQR5UQJZ337NFR56CC44T776EWBGVJG5NY2QFTQWBWTALTEN4A,RZOTQH6CD2KA5OCRX2NJB3TOSXRSI7GP6NOYK7DDHXCGFXUIXGSOHN4SLI,609139556,18074,386195940,1207,386192725
28628347,A9UgRD9qUGStS3330FZIkh0z/kRW2cvqAaGaFmyiglo=,HS2YUNZNWS4S6YJUEZTHYLBTVOZ6YBBPXMIEF3PQOCSH5DPMUD24O677BQ,Z53B6ZWEDEPO4VQSNL4UJ3EAILQFURPSEHQMTRNQ6HY4EHULKA5VFVUOIE,1076049166,28001337,0,279804,386195940
28628364,BShs4plG1OixsC4Fd8ClEsJT2qLYQn1hF6/BGtkz3bE=,AACCDJTFPQR5UQJZ337NFR56CC44T776EWBGVJG5NY2QFTQWBWTALTEN4A,2PIFZW53RHCSFSYMCFUBW4XOCXOMB7XOYQSQ6KGT3KVGJTL4HM6COZRNMM,1002541853,1400611,0,262579,31566704
28628366,R5zHQWoH+GAGf/xzrm9EHHHbK2kkYdYOwrANuFZX6MA=,J4BJWP67LHXT7LQTWZYWJGNSB25VZMO6SFZPKBSY7HJUCXJIFVE2PEOTVA,IWT4WOUKYQBCAO76UKWZ5E4CPIJVLBE5R3NX5QH3BXMTG34WU7ZCLJ4RVY,645869114,37169583,0,371407,386195940
28628372,ZWyldsLfRg3UHIDFAag67QwvGh9BnZJi0l29Tbis/Ug=,HS2YUNZNWS4S6YJUEZTHYLBTVOZ6YBBPXMIEF3PQOCSH5DPMUD24O677BQ,IWT4WOUKYQBCAO76UKWZ5E4CPIJVLBE5R3NX5QH3BXMTG34WU7ZCLJ4RVY,645869114,15080085,0,150919,386195940
28628387,wxPnieB1BTv2e/WBGNxZNuvmPayxvZz/keKcaGYt/S8=,HS2YUNZNWS4S6YJUEZTHYLBTVOZ6YBBPXMIEF3PQOCSH5DPMUD24O677BQ,IWT4WOUKYQBCAO76UKWZ5E4CPIJVLBE5R3NX5QH3BXMTG34WU7ZCLJ4RVY,645869114,12080085,0,120731,386195940
28628389,WAjVM44MPVKoCyFxxT2PTl40dW3qv/lWfolCONqJz3g=,J4BJWP67LHXT7LQTWZYWJGNSB25VZMO6SFZPKBSY7HJUCXJIFVE2PEOTVA,ZZJNP4QMRQS5IWRIT57P6RQJ2EPK4LBDWNAUNF7EXOUNZU4BUTDXIDHI6I,613217007,2675955,0,502042,312769
28628389,8ZAg2LNlitpxagXoY0D+SsGF97l2xY24tPu/Eh9YkUs=,AACCDJTFPQR5UQJZ337NFR56CC44T776EWBGVJG5NY2QFTQWBWTALTEN4A,IWT4WOUKYQBCAO76UKWZ5E4CPIJVLBE5R3NX5QH3BXMTG34WU7ZCLJ4RVY,645869114,40503048,0,404597,386195940
28628393,ppryb62iDseAmBnncDsBzI+UvHhtz+AMViG9+2mC7MU=,AACCDJTFPQR5UQJZ337NFR56CC44T776EWBGVJG5NY2QFTQWBWTALTEN4A,LUKPHRCKPCX4SC32ZI2BXH2OQ3HDCQGKFTFCZEVXOWICY4AG7AQ4S5NKEQ,607645439,1059137,0,199084,465865291
28628439,RoMbM+lY/o2wDCbDP2sPYj/1ExQjG9l+e/V5Aun5o2I=,J4BJWP67LHXT7LQTWZYWJGNSB25VZMO6SFZPKBSY7HJUCXJIFVE2PEOTVA,SYIHXJ675WA54MPVWVJAK5RQJL2IETXPJXKEWDDGT5JX7YYNEAAFL6JLAM,1003719049,787022,31566704,75569,554633918
28628532,JRCCMkQRsww+G1j358JMIHqRpl9u3ogGSl+eL8IU+GM=,AACCDJTFPQR5UQJZ337NFR56CC44T776EWBGVJG5NY2QFTQWBWTALTEN4A,2PIFZW53RHCSFSYMCFUBW4XOCXOMB7XOYQSQ6KGT3KVGJTL4HM6COZRNMM,1002541853,234078139,0,43933226,31566704
28628533,4PY6YuxZjG6oFrPuU/oTAj34kAeoyYRT/I3oe9bd9Oo=,AACCDJTFPQR5UQJZ337NFR56CC44T776EWBGVJG5NY2QFTQWBWTALTEN4A,CT43NEUBELAO54NN2TU6WZLVYGB7B47ZX3WYKWJ4FBEVPTE6AFA4SMNCFI,637801923,16010213,465865291,967098344923,287867876
28628535,QUtHv0sTmV5axw4j0EpQy7bNoYe5Iw1AxycF7Zca3Xw=,AACCDJTFPQR5UQJZ337NFR56CC44T776EWBGVJG5NY2QFTQWBWTALTEN4A,CT43NEUBELAO54NN2TU6WZLVYGB7B47ZX3WYKWJ4FBEVPTE6AFA4SMNCFI,637801923,27923013,465865291,1684740870182,287867876
28628535,WwoVvlxVRLYsVmI15d6U0XEI0KCAtpzxv37f6PNg9F0=,W2IZ3EHDRW2IQNPC33CI2CXSLMFCFICVKQVWIYLJWXCTD765RW47ONNCEY,2PIFZW53RHCSFSYMCFUBW4XOCXOMB7XOYQSQ6KGT3KVGJTL4HM6COZRNMM,1002541853,369503800,0,69344332,31566704
28628537,oKlNdFawmd/YC6PfO7yitaEDmrGnUSbH2cRrAGv6QAs=,W2IZ3EHDRW2IQNPC33CI2CXSLMFCFICVKQVWIYLJWXCTD765RW47ONNCEY,2PIFZW53RHCSFSYMCFUBW4XOCXOMB7XOYQSQ6KGT3KVGJTL4HM6COZRNMM,1002541853,743151900,0,139442642,31566704
28628537,HveYirjF4H0YCrog0kaejd4BGFvy36Kt67o+UGwNpb0=,W2IZ3EHDRW2IQNPC33CI2CXSLMFCFICVKQVWIYLJWXCTD765RW47ONNCEY,2PIFZW53RHCSFSYMCFUBW4XOCXOMB7XOYQSQ6KGT3KVGJTL4HM6COZRNMM,1002541853,1211472000,0,227248645,31566704
28628540,ZVg2t6jP06TLU2Kl2cq3b0v7O+NWEAh+GoVN52a1t0M=,W2IZ3EHDRW2IQNPC33CI2CXSLMFCFICVKQVWIYLJWXCTD765RW47ONNCEY,2PIFZW53RHCSFSYMCFUBW4XOCXOMB7XOYQSQ6KGT3KVGJTL4HM6COZRNMM,1002541853,2687062400,0,503538792,31566704
28628540,O9Vg055IMcrKIcYvIsKgz6a4LM5R9M+dbIkAf2V88zI=,W2IZ3EHDRW2IQNPC33CI2CXSLMFCFICVKQVWIYLJWXCTD765RW47ONNCEY,L747MOJV43QCLY4HSWVPL2A5SW62IBLA5XPTI5R4HO32WVAWOO5OBCEP3A,620995314,250000000,0,46862988,31566704
28628735,FCMlz8Bm5+wbqKdjLAoui48IwbsWHaHhV3SzJtHllNw=,W2IZ3EHDRW2IQNPC33CI2CXSLMFCFICVKQVWIYLJWXCTD765RW47ONNCEY,2PIFZW53RHCSFSYMCFUBW4XOCXOMB7XOYQSQ6KGT3KVGJTL4HM6COZRNMM,1002541853,110010563,31566704,204369,31566704
28628735,H35o4FM6AsnX3zsdDv7RCjRqQvSVR4ddo/fPcs6XVgM=,TNVDLA75CTKNFFTZ6ALYH77SEI3GKDXYUVVIDDFZL4VW25DVI3IKHBE3SA,2PIFZW53RHCSFSYMCFUBW4XOCXOMB7XOYQSQ6KGT3KVGJTL4HM6COZRNMM,1002541853,1400000000,0,262233966,31566704
28628737,w2yYZ7i/sjxOcpoyyJazXyGJS9U5SuSch+IN9YE7Nyk=,W2IZ3EHDRW2IQNPC33CI2CXSLMFCFICVKQVWIYLJWXCTD765RW47ONNCEY,2PIFZW53RHCSFSYMCFUBW4XOCXOMB7XOYQSQ6KGT3KVGJTL4HM6COZRNMM,1002541853,417230339,31566704,608355,31566704
28628738,BMluLcfli1nHmCZvpsFpSaM6idEod0qBU0qzzDd+AB0=,W2IZ3EHDRW2IQNPC33CI2CXSLMFCFICVKQVWIYLJWXCTD765RW47ONNCEY,L747MOJV43QCLY4HSWVPL2A5SW62IBLA5XPTI5R4HO32WVAWOO5OBCEP3A,620995314,47417039,31566704,251439275,0
28628738,GgUfC8hwa1NKwu7IF2iRWCSIgEUHDAVXEkllnegPsz0=,W2IZ3EHDRW2IQNPC33CI2CXSLMFCFICVKQVWIYLJWXCTD765RW47ONNCEY,SVZS7Q7QMVHZONDHZJHR4564VTMEX3OQ5DSYBWKR5FJFTPZLVG3EZIWC34,777628254,28450223,31566704,150839787,0
28628738,/Lm+KWkST5i8y8wxZxSrEBagdk0+TMPNiv6peacERDY=,W2IZ3EHDRW2IQNPC33CI2CXSLMFCFICVKQVWIYLJWXCTD765RW47ONNCEY,2PIFZW53RHCSFSYMCFUBW4XOCXOMB7XOYQSQ6KGT3KVGJTL4HM6COZRNMM,1002541853,235063180,31566704,342516,31566704
28628738,a6oldNBB7dh+WNSMJorc7dMTZZUm1bxIpFe+dk+hNEw=,W2IZ3EHDRW2IQNPC33CI2CXSLMFCFICVKQVWIYLJWXCTD765RW47ONNCEY,2PIFZW53RHCSFSYMCFUBW4XOCXOMB7XOYQSQ6KGT3KVGJTL4HM6COZRNMM,1002541853,109723150,31566704,187175,31566704
28628748,O5r2e3M626gahlzh5KfGwvcnMCcELc2ReA/06bV5YGY=,W2IZ3EHDRW2IQNPC33CI2CXSLMFCFICVKQVWIYLJWXCTD765RW47ONNCEY,L747MOJV43QCLY4HSWVPL2A5SW62IBLA5XPTI5R4HO32WVAWOO5OBCEP3A,620995314,47442167,31566704,251408838,0
28628748,NgvaFYsVFxGzS/M1P6PgOVg7c2bl5fG7ugyiGPbhU6g=,W2IZ3EHDRW2IQNPC33CI2CXSLMFCFICVKQVWIYLJWXCTD765RW47ONNCEY,2PIFZW53RHCSFSYMCFUBW4XOCXOMB7XOYQSQ6KGT3KVGJTL4HM6COZRNMM,1002541853,307382636,31566704,420286,31566704
28628748,7cuEH4UUDNQr+V/vq09nGCUbBkjbyvtvEWbPZkDaymk=,AACCDJTFPQR5UQJZ337NFR56CC44T776EWBGVJG5NY2QFTQWBWTALTEN4A,2PIFZW53RHCSFSYMCFUBW4XOCXOMB7XOYQSQ6KGT3KVGJTL4HM6COZRNMM,1002541853,25331535,0,4753978,31566704
28628819,Dn1NP13IifOD8AW/DtnRDcDbhcHQg56M5mIsqFknmNY=,N7I2XFVRFNOSTMSWP4NPFRE3PW7MXO7WEI5SVDRK6GS7O7Y3O6VF3SCSSU,2PIFZW53RHCSFSYMCFUBW4XOCXOMB7XOYQSQ6KGT3KVGJTL4HM6COZRNMM,1002541853,5000000,31566704,26482840,0
28628877,BioUL3f6PmXQ0pepArldLXnqVRI+j32VTuOLlAc8pag=,EVESCVBC6VDIJAZM3HMUGYVQLKWHH4YJBMDV5EF65RMS67TFS5URZQ5YNY,L747MOJV43QCLY4HSWVPL2A5SW62IBLA5XPTI5R4HO32WVAWOO5OBCEP3A,620995314,1700985,0,319287,31566704
28628879,PsT4IBgbnsmBNiqkl6bi/1R1z/BsIojxhZjePzyZBss=,J4BJWP67LHXT7LQTWZYWJGNSB25VZMO6SFZPKBSY7HJUCXJIFVE2PEOTVA,L747MOJV43QCLY4HSWVPL2A5SW62IBLA5XPTI5R4HO32WVAWOO5OBCEP3A,620995314,1719662,0,322791,31566704
28628895,NPqAc1CdqKWDymP43MwFxWYrfRkQ4QPo4l0Ov2ivahE=,TUZ6CP472ZFXDPU63QQOZG2HZDRJUXNWOPULBAK5ZMJMEIQQ5C3XPNIJ5A,L747MOJV43QCLY4HSWVPL2A5SW62IBLA5XPTI5R4HO32WVAWOO5OBCEP3A,620995314,15947530,0,2993391,31566704
28628898,7NbnkKPWTL2bD9KD+bNME8SfG3sq81Bp0jHCpY6aWX8=,TUZ6CP472ZFXDPU63QQOZG2HZDRJUXNWOPULBAK5ZMJMEIQQ5C3XPNIJ5A,L747MOJV43QCLY4HSWVPL2A5SW62IBLA5XPTI5R4HO32WVAWOO5OBCEP3A,620995314,26065000,0,4892202,31566704
28628903,JYBPGvICe/kkOZqqjXKjxIQvi35iujcVrw1mqiR/XC4=,TUZ6CP472ZFXDPU63QQOZG2HZDRJUXNWOPULBAK5ZMJMEIQQ5C3XPNIJ5A,L747MOJV43QCLY4HSWVPL2A5SW62IBLA5XPTI5R4HO32WVAWOO5OBCEP3A,620995314,16040000,0,3010422,31566704
28628990,RauBp+GFX2h9vq8fL2NLcEf1z71akksiAkML1waczyQ=,W2IZ3EHDRW2IQNPC33CI2CXSLMFCFICVKQVWIYLJWXCTD765RW47ONNCEY,2PIFZW53RHCSFSYMCFUBW4XOCXOMB7XOYQSQ6KGT3KVGJTL4HM6COZRNMM,1002541853,28898600,0,5423409,31566704
28628991,Z9nKBN/G7yaIvBv7b/9XQ6+P569ADOXtPIxupie3NTk=,W2IZ3EHDRW2IQNPC33CI2CXSLMFCFICVKQVWIYLJWXCTD765RW47ONNCEY,2PIFZW53RHCSFSYMCFUBW4XOCXOMB7XOYQSQ6KGT3KVGJTL4HM6COZRNMM,1002541853,24220600,0,4545450,31566704
28629017,+KvfuVjBVosvseIwb7nW9pRoVsB+aMjuv6BRfRcsRD4=,W2IZ3EHDRW2IQNPC33CI2CXSLMFCFICVKQVWIYLJWXCTD765RW47ONNCEY,2PIFZW53RHCSFSYMCFUBW4XOCXOMB7XOYQSQ6KGT3KVGJTL4HM6COZRNMM,1002541853,3405117900,0,638698965,31566704
28629035,anzyQk5Po+rKL1tbNqnKdOnjyWm+QsllkT4B5nGJzx4=,W2IZ3EHDRW2IQNPC33CI2CXSLMFCFICVKQVWIYLJWXCTD765RW47ONNCEY,L747MOJV43QCLY4HSWVPL2A5SW62IBLA5XPTI5R4HO32WVAWOO5OBCEP3A,620995314,153728400,0,28834237,31566704
28629035,VRZcF1CMrVRbCmIIUietjif3+sjoZBHU6Zb5DGmcad8=,W2IZ3EHDRW2IQNPC33CI2CXSLMFCFICVKQVWIYLJWXCTD765RW47ONNCEY,L747MOJV43QCLY4HSWVPL2A5SW62IBLA5XPTI5R4HO32WVAWOO5OBCEP3A,620995314,96271600,0,18051465,31566704
28629041,12EozDyYT/Ki39y5D91jU9IUlimwdmobiNd5/a3aY5c=,W2IZ3EHDRW2IQNPC33CI2CXSLMFCFICVKQVWIYLJWXCTD765RW47ONNCEY,2PIFZW53RHCSFSYMCFUBW4XOCXOMB7XOYQSQ6KGT3KVGJTL4HM6COZRNMM,1002541853,3440449600,0,644631965,31566704
28629043,WDYcMjRkY5oYHTnAEWajDeQTk/XLKFND+JK+36ARirs=,W2IZ3EHDRW2IQNPC33CI2CXSLMFCFICVKQVWIYLJWXCTD765RW47ONNCEY,SVZS7Q7QMVHZONDHZJHR4564VTMEX3OQ5DSYBWKR5FJFTPZLVG3EZIWC34,777628254,150000000,0,28122513,31566704
28629090,3fVT2yxN99zivRN+nMcMWO6eoC59JPhJ+DcjyIUpX/s=,AACCDJTFPQR5UQJZ337NFR56CC44T776EWBGVJG5NY2QFTQWBWTALTEN4A,CT43NEUBELAO54NN2TU6WZLVYGB7B47ZX3WYKWJ4FBEVPTE6AFA4SMNCFI,637801923,5651829,465865291,340688316573,287867876
